gene,scores,avg_logFC,p_val,p_val_adj
CD74,7.988012,0.44186488,1.3713223918865783e-15,3.2877454345480716e-13
HLA-DRB1,6.082364,0.15901333,1.1842336844668746e-09,1.6224001477196182e-07
C1QC,5.9152136,0.6888486,3.314448082672212e-09,3.9731946391033137e-07
SELENOP,5.8859963,0.9918264,3.956627555000069e-09,4.216006472494518e-07
C1QB,5.8346286,0.9338676,5.391058990952933e-09,5.170025572323863e-07
C1QA,5.7162642,0.85299486,1.088913311498726e-08,9.493344233884348e-07
MALAT1,5.606869,0.12546466,2.060191589999705e-08,1.6464364456747642e-06
MZT2A,5.277733,0.039326847,1.3079192087799486e-07,9.457037072316067e-06
HLA-DRA,5.17323,0.5019745,2.3008143019267094e-07,1.4709872770318094e-05
B2M,4.9076924,-0.036071856,9.215428328258085e-07,5.523497354249689e-05
HLA-DQB1,4.626391,0.6189328,3.7209294294250176e-06,0.00020990419545991717
HLA-DQA1,4.319541,0.45422047,1.563539861379845e-05,0.000789176172138564
HLA-DPA1,3.7906399,0.19190522,0.0001502596754184102,0.006861858510774065
PSAP,3.6884472,-0.24780738,0.00022562678021625509,0.0098352764648813
HLA-C,3.4643574,-0.06645528,0.0005315000325871352,0.021237855468794278
CD68,3.314194,0.17350106,0.0009190773705058316,0.03264426660426269
HLA-A,3.2685335,-0.067855366,0.0010810641755840714,0.034558018146170814
SLC40A1,2.8665576,0.37782276,0.004149626316014795,0.11369976105880539
HLA-B,2.487276,-0.15592687,0.012872542231264524,0.2939230476138733
MAF,2.3931012,0.28931504,0.016706626449827913,0.3482968427257602
SAT1,2.3577688,-0.03951316,0.018385140883905082,0.36731979390968694
HLA-DRB5,2.3012366,-0.03499695,0.021378256753820202,0.3727590586711559
GPNMB,2.0386887,0.20072229,0.041481116869273485,0.5850057511416658
IGKC,1.9927562,0.198685,0.04628814258131307,0.6022262801222356
HLA-DPB1,1.9085017,-0.0070383744,0.05632640274424759,0.7015197432692655
JCHAIN,1.6602225,0.608399,0.09686969177249992,0.9316290623967713
IGHA1,1.4928006,-0.004658441,0.13548939718799707,0.9769498639345052
TYK2,1.4735036,-0.39789855,0.1406153043742963,0.9871296562041615
CXCL12,1.3393757,0.54125607,0.18044838463320056,0.9934699050120472
CCL13,1.2233219,1.4519556,0.22120814935756838,0.9934699050120472
CCL2,1.1094424,0.8281974,0.26723941445681165,0.9934699050120472
CD9,0.9346821,0.567098,0.3499521790210124,0.9934699050120472
TGFBR1,0.8406431,0.44647214,0.40054791115921584,0.9934699050120472
CALM2,0.8262383,-0.023741873,0.4086689383175828,0.9934699050120472
IGFBP3,0.71915346,0.835022,0.47204637813568884,0.9934699050120472
MRC1,0.6835491,0.3814894,0.4942599342149093,0.9934699050120472
GPX1,0.6563702,-0.24959123,0.5115859523247047,0.9934699050120472
C9orf16,0.6527011,0.4389752,0.5139490184293164,0.9934699050120472
DDC,0.5764643,0.78491837,0.5643014121944797,0.9934699050120472
BMP3,0.53107554,1.1929096,0.5953664439201651,0.9934699050120472
ITGB8,0.5246885,0.71427286,0.5997997630670253,0.9934699050120472
LGALS3,0.52074754,-0.12754335,0.6025426477600895,0.9934699050120472
CRYAB,0.5087888,0.65736705,0.6109002466060882,0.9934699050120472
MYH11,0.49628654,0.6521806,0.6196922580699279,0.9934699050120472
COL11A1,0.49125844,2.7395864,0.6232436632594794,0.9934699050120472
BMPR2,0.47902796,0.4786792,0.6319187456153283,0.9934699050120472
IGF1,0.43431866,0.08844097,0.6640570452459427,0.9934699050120472
TSHZ2,0.43200848,1.5351977,0.6657352585206049,0.9934699050120472
GATA3,0.42670858,0.8404797,0.6695915971671527,0.9934699050120472
GPX3,0.42100102,0.30804977,0.6737543389323708,0.9934699050120472
COL5A1,0.41012946,0.62526584,0.6817109821388319,0.9934699050120472
PPARA,0.40116042,0.39526215,0.6883020139472407,0.9934699050120472
ITGB5,0.3998015,0.18045793,0.6893027386171571,0.9934699050120472
FGF18,0.3969477,0.9629794,0.6914060287983808,0.9934699050120472
IL17A,0.39355034,0.7598614,0.6939130528238708,0.9934699050120472
FZD8,0.38186342,0.9367784,0.7025626783346972,0.9934699050120472
COL16A1,0.38172752,0.8122956,0.7026634848778253,0.9934699050120472
WNT9A,0.3794173,0.87693626,0.7043779949166102,0.9934699050120472
CEACAM6,0.372079,0.84329605,0.7098340207466776,0.9934699050120472
GAS6,0.3652843,0.1659426,0.7148992030985417,0.9934699050120472
BGN,0.34897697,0.46093088,0.7271066090283416,0.9934699050120472
IGFBP6,0.33647466,0.42037544,0.7365129517073792,0.9934699050120472
TPSB2,0.32723385,0.36780417,0.7434910246234693,0.9934699050120472
COL5A2,0.31799302,0.8778646,0.7504902303893641,0.9934699050120472
ITM2A,0.31513923,0.7066449,0.7526559375730115,0.9934699050120472
INS,0.31024703,0.68379766,0.7563731030757044,0.9934699050120472
SLC2A1,0.30983937,0.7984139,0.7566831228384998,0.9934699050120472
BMP2,0.30943167,0.5047617,0.7569931817643327,0.9934699050120472
HGF,0.3082086,0.39866844,0.7579235930540341,0.9934699050120472
HSP90B1,0.30046263,-0.22927184,0.7638242918775194,0.9934699050120472
WNT10B,0.2886398,0.7442723,0.7728570202171717,0.9934699050120472
TPM1,0.28510657,0.32263014,0.7755625015093097,0.9934699050120472
WNT7A,0.2791272,0.628964,0.7801472037927457,0.9934699050120472
SCG5,0.2772247,0.637531,0.7816075859288534,0.9934699050120472
ACTA2,0.27464268,0.40925643,0.7835907645052081,0.9934699050120472
EFNA4,0.27369142,0.37121788,0.7843217645210423,0.9934699050120472
GDNF,0.26526597,0.76837605,0.790804575007586,0.9934699050120472
RGS5,0.24950221,0.40727064,0.8029723262788255,0.9934699050120472
CD28,0.24257159,0.2593522,0.8083372842869949,0.9934699050120472
FGF7,0.24243571,0.26122117,0.8084425705699387,0.9934699050120472
SLC2A4,0.23822297,0.47403464,0.8117081567735375,0.9934699050120472
CD14,0.22422585,-0.19491352,0.8225815712766837,0.9934699050120472
KRT1,0.22069259,0.25033274,0.8253317994157108,0.9934699050120472
SERPINH1,0.21851829,0.35202053,0.8270253159175617,0.9934699050120472
GNLY,0.2130825,0.18678334,0.8312626115885982,0.9934699050120472
CD27,0.20982103,0.19511826,0.8338073538139154,0.9934699050120472
KLK3,0.2032981,0.4882828,0.8389020384219465,0.9934699050120472
TSLP,0.19962895,0.47298482,0.8417707827798101,0.9934699050120472
ABL1,0.19663927,0.34930283,0.8441098340540709,0.9934699050120472
FZD1,0.19582391,0.2577698,0.8447479966986173,0.9934699050120472
TPSAB1,0.19514443,0.26371992,0.8452798767618903,0.9934699050120472
CFD,0.18889329,-0.017300794,0.850176452261471,0.9934699050120472
CD209,0.18671899,-0.122127615,0.8518809744612778,0.9934699050120472
PARP1,0.18427289,0.2097492,0.8537993888852007,0.9934699050120472
OXGR1,0.18386519,0.49826226,0.8541192090114829,0.9934699050120472
COL8A1,0.16062725,0.36081442,0.8723869957406132,0.9934699050120472
GDF9,0.15600683,0.3442769,0.8760276353816346,0.9934699050120472
SPARCL1,0.15532736,0.2036363,0.876563246797021,0.9934699050120472
UCP1,0.1492121,0.58436614,0.8813862644839136,0.9934699050120472
IL33,0.14486349,0.45653692,0.8848186549641796,0.9934699050120472
KIT,0.14105844,0.22368059,0.8878237730905404,0.9934699050120472
SOSTDC1,0.14024308,0.4629102,0.8884679383322405,0.9934699050120472
COL12A1,0.1395636,0.35380626,0.8890047989894109,0.9934699050120472
GZMA,0.13276888,0.29530862,0.8943761656284969,0.9934699050120472
KRT8,0.12937152,0.01760644,0.8970636821209952,0.9934699050120472
NPR2,0.12842026,0.37655735,0.8978163997723821,0.9934699050120472
LCN2,0.12801258,0.29737622,0.8981390212411762,0.9934699050120472
COL14A1,0.12543058,0.2565947,0.9001826793720165,0.9934699050120472
PTK2,0.12515879,0.19509628,0.9003978400210708,0.9934699050120472
MYL9,0.123663954,0.2740977,0.9015813540019382,0.9934699050120472
GPER1,0.123120375,0.19399022,0.902011777107625,0.9934699050120472
RSPO1,0.121081956,0.26588824,0.903626119295697,0.9934699050120472
HCAR3,0.118635856,0.22574319,0.9055638553512431,0.9934699050120472
IL20,0.117005125,0.24128196,0.9068559925402158,0.9934699050120472
CIDEA,0.113743655,0.23349258,0.9094410032336301,0.9934699050120472
LTF,0.11170524,0.40597323,0.9110571237045213,0.9934699050120472
PROKR1,0.10681304,0.2917144,0.9149373017861652,0.9934699050120472
RPL21,0.105182305,-0.50431955,0.916231149707948,0.9934699050120472
ADGRA3,0.104502834,0.12353382,0.9167703187086943,0.9934699050120472
LINC02446,0.103823364,0.2226178,0.9173095259954522,0.9934699050120472
CASP3,0.103007995,0.23624922,0.917956624930385,0.9934699050120472
HLA-E,0.102464415,-0.2715082,0.9183880544419836,0.9934699050120472
DHRS2,0.09648506,0.17970787,0.9231353372963328,0.9934699050120472
SOD1,0.094446644,0.060199127,0.924754363794636,0.9934699050120472
COL4A1,0.090233915,0.19820492,0.9281013322059055,0.9934699050120472
ERBB3,0.08969034,0.21294846,0.9285332930356855,0.9934699050120472
GPBAR1,0.08914676,0.13117701,0.928965274925658,0.9934699050120472
ADGRG5,0.088059604,0.117281936,0.9298293013796811,0.9934699050120472
VPREB3,0.08615708,0.27107263,0.9313415461121842,0.9934699050120472
CD33,0.085341714,0.08350139,0.931989727202448,0.9934699050120472
COL27A1,0.08493403,0.21379617,0.9323138346887366,0.9934699050120472
GCG,0.083167404,0.28459102,0.9337184294616242,0.9934699050120472
ADORA2A,0.08235204,0.19168618,0.9343667738453763,0.9934699050120472
SLPI,0.07745984,0.350637,0.938257739413162,0.9934699050120472
MST1R,0.075285524,0.26601824,0.9399875363252409,0.9934699050120472
PDGFA,0.07474195,0.18505797,0.9404200301179224,0.9934699050120472
ITGA6,0.07447016,0.15428372,0.9406362836116093,0.9934699050120472
LY75,0.06876259,0.18230759,0.9451785936054495,0.9934699050120472
HPGDS,0.06441397,0.17100485,0.9486406058562274,0.9934699050120472
ETS1,0.06387039,0.1109479,0.949073426919925,0.9934699050120472
TEK,0.06319092,0.2602913,0.9496144743665799,0.9934699050120472
MZB1,0.058162827,0.12074685,0.9536189309962642,0.9934699050120472
TNFRSF11B,0.052591152,0.29041594,0.9580576656520461,0.9934699050120472
XCL2,0.051096316,0.15322952,0.9592487727038078,0.9934699050120472
CCL21,0.050552737,0.08351029,0.9596819252377361,0.9934699050120472
NEAT1,0.050552737,-0.56304365,0.9596819252377361,0.9934699050120472
MMP16,0.049193792,0.23668058,0.9607648583685222,0.9934699050120472
NPR1,0.048106637,0.28330922,0.9616312570956671,0.9934699050120472
CD40LG,0.04606822,0.15598372,0.9632558760393881,0.9934699050120472
PIGR,0.04484517,0.0657126,0.964230721069875,0.9934699050120472
IL4R,0.04457338,0.050510723,0.9644473606114224,0.9934699050120472
CD3D,0.042670857,0.10430295,0.9659639099939894,0.9934699050120472
NGFR,0.037370976,0.045311645,0.9701892152893684,0.9934699050120472
RSPO3,0.037370976,0.21202035,0.9701892152893684,0.9934699050120472
CDH11,0.03696329,0.14829743,0.9705142749509396,0.9934699050120472
CXCR5,0.036147926,0.12762277,0.9711644089155209,0.9934699050120472
ADGRG2,0.03506077,0.24998815,0.9720312839348998,0.9934699050120472
NLRP2,0.032886457,0.21799758,0.9737651320789104,0.9934699050120472
TNFRSF13B,0.029896779,0.20644136,0.9761493740479652,0.9934699050120472
CSHL1,0.025819946,0.06707407,0.9794009523900868,0.9934699050120472
JAK1,0.02473279,0.06364179,0.9802680999868314,0.9934699050120472
ITGA1,0.023237951,0.05853696,0.9814604657947922,0.9934699050120472
ITK,0.021471323,0.08929652,0.9828696785788201,0.9934699050120472
ITGAE,0.020655956,0.048956968,0.983520102774488,0.9934699050120472
DNTT,0.0195688,0.19255826,0.9843873520012411,0.9934699050120472
TM4SF1,0.016579123,0.061494358,0.9867723794273764,0.9934699050120472
CELSR1,0.015356073,0.22821783,0.9877481077489421,0.9934699050120472
AATK,0.0149483895,0.02780124,0.9880733546672051,0.9934699050120472
PDGFC,0.011143345,0.05499159,0.9911090809138722,0.9945786373925387
RSPO2,0.010599768,0.15443859,0.9915427676247643,0.9945786373925387
CSF2,0.0070665115,-0.0056609167,0.994361786428387,0.9945786373925387
ATG10,0.0067947228,-0.006191829,0.9945786373925387,0.9945786373925387
MMP1,-0.008969034,0.059250634,0.9928438422378479,0.9945786373925387
IFNA1,-0.014676601,0.07148707,0.9882901870505663,0.9934699050120472
ADGRE1,-0.01589965,0.08126111,0.9873144483679814,0.9934699050120472
MMP3,-0.01617144,0.046774648,0.9870976200749837,0.9934699050120472
TTR,-0.020655956,0.026442954,0.983520102774488,0.9934699050120472
ACVR1B,-0.021879006,-0.03425291,0.9825444707240522,0.9934699050120472
FZD3,-0.023781529,-0.051967025,0.9810268732958224,0.9934699050120472
IL1A,-0.024189213,0.035589293,0.980701682592915,0.9934699050120472
ACE,-0.027042996,-0.09834205,0.9784254404895592,0.9934699050120472
RAD51,-0.027858363,-0.10819952,0.9777751170572335,0.9934699050120472
LIF,-0.028537836,-0.0054874653,0.9772331921292989,0.9934699050120472
ADGRG6,-0.029353201,0.05784561,0.976582896108579,0.9934699050120472
CSF3,-0.029896779,0.0003302514,0.9761493740479652,0.9934699050120472
KRT80,-0.030168569,-0.15333095,0.9759326156516124,0.9934699050120472
ETV4,-0.033430036,0.039710537,0.973331658099563,0.9934699050120472
PPARG,-0.040496547,0.022513378,0.9676972597302973,0.9934699050120472
ADGRL2,-0.04973737,-0.003731699,0.9603316763166926,0.9934699050120472
TIE1,-0.050280947,-0.031187043,0.959898505976271,0.9934699050120472
G6PC2,-0.050280947,-0.04495434,0.959898505976271,0.9934699050120472
CD3E,-0.052319366,-0.010633273,0.9582742236836904,0.9934699050120472
IL36G,-0.052998837,-0.063060455,0.957732834413424,0.9934699050120472
SUCNR1,-0.054357782,0.05992841,0.9566501146093626,0.9934699050120472
NCR1,-0.055444937,-0.09431513,0.9557839962536463,0.9934699050120472
ADGRF4,-0.057619248,-0.18676254,0.9540519171796431,0.9934699050120472
HSD3B2,-0.058706403,0.03661328,0.9531859585019692,0.9934699050120472
BMP5,-0.058978193,0.049795583,0.9529694774280714,0.9934699050120472
MARCO,-0.059249982,-0.12014134,0.9527529998242547,0.9934699050120472
TIGIT,-0.059521772,0.005319373,0.9525365257064544,0.9934699050120472
KLRB1,-0.061967872,0.051044863,0.950588418145903,0.9934699050120472
RYK,-0.06454986,0.026959553,0.948532402953224,0.9934699050120472
HILPDA,-0.06468576,-0.03487298,0.9484242009993691,0.9934699050120472
ADGRD1,-0.06903438,-0.022817213,0.9449622515311381,0.9934699050120472
PTTG1,-0.07025743,-0.043335613,0.9439887626582096,0.9934699050120472
MMP7,-0.07243174,-0.068396345,0.9422583232354866,0.9934699050120472
FAS,-0.073383,-0.006754203,0.9415013411979904,0.9934699050120472
NLRC5,-0.07379069,-0.02110876,0.9411769364606698,0.9934699050120472
ARG1,-0.07623679,-0.066088006,0.9392307148522564,0.9934699050120472
APOD,-0.076508574,-0.05992251,0.9390144901965637,0.9934699050120472
ANGPT1,-0.07990594,-0.09304828,0.9363120664993456,0.9934699050120472
CXCL5,-0.08235204,-0.13884018,0.9343667738453763,0.9934699050120472
WNT2B,-0.085341714,-0.13972604,0.931989727202448,0.9934699050120472
IL16,-0.085341714,-0.07360317,0.931989727202448,0.9934699050120472
BMP4,-0.085613504,-0.03550718,0.9317736618062216,0.9934699050120472
SST,-0.08670066,-0.21593057,0.930909450654981,0.9934699050120472
NPR3,-0.087108344,-0.15222836,0.930585392418732,0.9934699050120472
PPBP,-0.089554444,-0.21474572,0.9286412865387315,0.9934699050120472
CDKN3,-0.09431075,-0.037378993,0.9248623100519274,0.9934699050120472
CLEC14A,-0.097300425,-0.041259814,0.9224878154740249,0.9934699050120472
SCGB3A1,-0.098387584,-0.03436362,0.9216245330260023,0.9934699050120472
ERBB2,-0.098659374,-0.07678354,0.921408726801717,0.9934699050120472
LGALS3BP,-0.098795265,-0.009092233,0.9213008258585865,0.9934699050120472
COL6A3,-0.101105474,-0.009092905,0.9194667330769818,0.9934699050120472
CALB1,-0.10137726,-0.0028666495,0.9192509854295197,0.9934699050120472
B3GNT7,-0.102464415,0.019984353,0.9183880544419836,0.9934699050120472
LEFTY1,-0.10409515,-0.092199005,0.917093838502186,0.9934699050120472
CELSR2,-0.106269464,-0.10846591,0.9153685595561246,0.9934699050120472
KRT4,-0.107628405,0.05191082,0.9142904621179934,0.9934699050120472
GZMB,-0.10925914,-0.032444533,0.9129969534925374,0.9934699050120472
CXCR2,-0.109802715,-0.14292856,0.9125658349933747,0.9934699050120472
CXCR1,-0.110618085,-0.16197902,0.9119192055297841,0.9934699050120472
MXRA8,-0.110618085,-0.1383193,0.9119192055297841,0.9934699050120472
CXCR6,-0.110889874,-0.03266707,0.9117036753142107,0.9934699050120472
APOB,-0.111433454,-0.064262435,0.9112726343858557,0.9934699050120472
COL6A1,-0.112248816,-0.025417091,0.9106261219861458,0.9934699050120472
ACKR1,-0.115238495,-0.2046654,0.9082560859678569,0.9934699050120472
ADGRB3,-0.117141016,-0.2074116,0.9067483049768346,0.9934699050120472
ADGRB2,-0.117412806,-0.19227555,0.9065329349947677,0.9934699050120472
MSMB,-0.117684595,-0.21917206,0.9063175718853701,0.9934699050120472
ARTN,-0.118228175,-0.24938154,0.9058868663473366,0.9934699050120472
FGF13,-0.119043544,-0.23199254,0.9052408599774779,0.9934699050120472
TACSTD2,-0.11931533,-0.23196203,0.9050255384335089,0.9934699050120472
DDX58,-0.121217854,-0.049968358,0.9035184840124565,0.9934699050120472
MECOM,-0.122033216,-0.3206056,0.9028727096154698,0.9934699050120472
BMP6,-0.122848585,-0.2484304,0.9022269994710147,0.9934699050120472
ST6GALNAC3,-0.124071635,-0.02197216,0.9012585556527715,0.9934699050120472
IFIT1,-0.124479316,-0.034127686,0.9009357736309589,0.9934699050120472
KRT16,-0.12556648,-0.04381371,0.9000751017970764,0.9934699050120472
ADGRV1,-0.12692542,-0.6596562,0.8989994273318496,0.9934699050120472
PDGFB,-0.127469,-0.043910693,0.8985692093822752,0.9934699050120472
CXCR3,-0.13426372,-0.12409858,0.8931940405216043,0.9934699050120472
PLA2R1,-0.13507909,-0.13018182,0.8925493448333894,0.9934699050120472
RAMP1,-0.13603035,-0.007419204,0.891797289632263,0.9934699050120472
VTN,-0.13643803,-0.1462543,0.8914750100101636,0.9934699050120472
MMP19,-0.13752519,-0.15354173,0.890615685464696,0.9934699050120472
EFNA5,-0.13766108,-0.13053608,0.8905082789090633,0.9934699050120472
SMARCB1,-0.14078665,-0.07198579,0.8880384866269465,0.9934699050120472
ITGB4,-0.14173791,-0.15329283,0.8872870252965821,0.9934699050120472
FGF12,-0.14228149,-0.17324436,0.8868576642666111,0.9934699050120472
EPHA3,-0.14350455,-0.2054637,0.8858917235477715,0.9934699050120472
CUZD1,-0.146766,-0.07130049,0.8833167142396082,0.9934699050120472
THBS2,-0.14730959,-0.23016661,0.8828876651039881,0.9934699050120472
NTRK2,-0.14771727,-0.24960923,0.8825659007905661,0.9934699050120472
TPM2,-0.14894032,-0.06261659,0.8816007243195101,0.9934699050120472
FASLG,-0.15274537,-0.117039956,0.878599083690224,0.9934699050120472
KRT20,-0.15587094,-0.07604903,0.8761347531305889,0.9934699050120472
EPHA7,-0.15627863,-0.4002004,0.8758134066984214,0.9934699050120472
GC,-0.15722989,-0.45087966,0.8750636780640958,0.9934699050120472
KRT24,-0.16062725,-0.14186807,0.8723869957406132,0.9934699050120472
IGHM,-0.16443229,-0.06746419,0.8693908466218352,0.9934699050120472
AHI1,-0.16443229,-0.17007022,0.8693908466218352,0.9934699050120472
AR,-0.16551945,-0.17423144,0.8685351463790444,0.9934699050120472
CYSTM1,-0.16579123,-0.07294386,0.8683212453370293,0.9934699050120472
IGHD,-0.16606303,-0.05331993,0.8681073539332246,0.9934699050120472
CD276,-0.17448848,-0.03422217,0.8614815847114887,0.9934699050120472
MEG3,-0.17734227,-0.12061784,0.8592395565692885,0.9934699050120472
VWF,-0.17938069,-0.31717756,0.8576388013929331,0.9934699050120472
NR1H4,-0.17965247,-0.2915044,0.8574254114450401,0.9934699050120472
CD69,-0.18182679,-0.09514268,0.8557186682287574,0.9934699050120472
COL4A2,-0.18182679,-0.08046454,0.8557186682287574,0.9934699050120472
PCNA,-0.18223447,-0.074218705,0.8553987287451355,0.9934699050120472
DDIT3,-0.18264215,-0.106347606,0.855078813030201,0.9934699050120472
CX3CL1,-0.18291393,-0.12774122,0.8548655491171218,0.9934699050120472
IGHG2,-0.18427289,-0.06686185,0.8537993888852007,0.9934699050120472
WNT11,-0.18454467,-0.3907987,0.853586188812054,0.9934699050120472
CD8B,-0.18563183,-0.49692813,0.8527334956040569,0.9934699050120472
GZMK,-0.1861754,-0.14316887,0.8523072134637086,0.9934699050120472
COL9A1,-0.18726255,-0.48993495,0.8514547787183299,0.9934699050120472
TNFSF18,-0.19663927,-0.16727443,0.8441098340540709,0.9934699050120472
ITGA2,-0.19731875,-0.19292921,0.8435781099867548,0.9934699050120472
CD70,-0.19949305,-0.09930896,0.8418770731677699,0.9934699050120472
NKG7,-0.20098789,-0.23563354,0.8407080378012051,0.9934699050120472
SFN,-0.20139559,-0.12357472,0.840389270816672,0.9934699050120472
TOP2A,-0.20207505,-0.2475026,0.8398580506930787,0.9934699050120472
DUSP4,-0.20316221,-0.2196267,0.8390082502955685,0.9934699050120472
TNFRSF10A,-0.20479295,-0.2834309,0.8377339018884209,0.9934699050120472
TBX21,-0.2081903,-0.33151686,0.8350803798037056,0.9934699050120472
PPARD,-0.20941335,-0.12884977,0.834125569609011,0.9934699050120472
P2RY12,-0.21498503,-0.16359797,0.8297789933853005,0.9934699050120472
FABP4,-0.21512093,-0.5148059,0.8296730438112546,0.9934699050120472
FGFR3,-0.21593629,-0.42031446,0.8290374114746789,0.9934699050120472
DUSP5,-0.21661577,-0.23054565,0.8285078033261373,0.9934699050120472
CDH1,-0.22368227,-0.20660482,0.8230045423510952,0.9934699050120472
IFNB1,-0.22368227,-0.21800621,0.8230045423510952,0.9934699050120472
NDRG1,-0.22368227,-0.11412264,0.8230045423510952,0.9934699050120472
TSC22D1,-0.22395407,-0.23046173,0.8227930503775145,0.9934699050120472
TNFSF15,-0.22585659,-0.1533138,0.8213129678301443,0.9934699050120472
PDGFRA,-0.22640017,-0.23344369,0.8208902036689287,0.9934699050120472
CCL8,-0.22911805,-0.2687377,0.8187771656028878,0.9934699050120472
BMP1,-0.22966163,-0.24224801,0.8183547153664389,0.9934699050120472
STAT5B,-0.23115647,-0.16228746,0.8171932494863556,0.9934699050120472
CD38,-0.23210773,-0.12479771,0.8164543436037578,0.9934699050120472
ITGB6,-0.23237951,-0.28091252,0.8162432575720645,0.9934699050120472
TNFSF8,-0.23333077,-0.16695833,0.8155045615425958,0.9934699050120472
ADIPOQ,-0.23428203,-0.26995146,0.8147660294547892,0.9934699050120472
LYN,-0.23482561,-0.124104984,0.814344084968506,0.9934699050120472
COL17A1,-0.23781529,-0.3551881,0.8120243561280465,0.9934699050120472
ADM2,-0.23863067,-0.4145759,0.811391988126674,0.9934699050120472
NANOG,-0.23876655,-0.109074615,0.8112866054102074,0.9934699050120472
IL15,-0.24080497,-0.18989703,0.8097062760068472,0.9934699050120472
GDF3,-0.24379465,-0.3535004,0.8073898641376714,0.9934699050120472
CALM3,-0.24433823,-0.0997954,0.8069688791004691,0.9934699050120472
KRT86,-0.24488181,-0.38489354,0.8065479499734547,0.9934699050120472
CLEC4E,-0.2450177,-0.20661218,0.806442726441372,0.9934699050120472
CHEK2,-0.24569717,-0.37203783,0.8059166613703128,0.9934699050120472
RPS4Y1,-0.24596897,-0.49606565,0.8057062599176725,0.9934699050120472
TNFRSF19,-0.24732791,-0.38474548,0.8046544639245864,0.9934699050120472
S100B,-0.25629693,-0.10106586,0.7977215602135577,0.9934699050120472
TOX,-0.26023787,-0.30568203,0.7946802875248473,0.9934699050120472
CCL11,-0.26132503,-0.27554145,0.7938418624949976,0.9934699050120472
CD53,-0.2622763,-0.37037706,0.7931084359308436,0.9934699050120472
IGFBP5,-0.26879922,-0.2147921,0.7880841864380768,0.9934699050120472
THBS1,-0.2717889,-0.22129163,0.7857843349667526,0.9934699050120472
QRFPR,-0.2723325,-0.22271886,0.7853663802915171,0.9934699050120472
IL17RE,-0.2726043,-0.22236075,0.7851574261468337,0.9934699050120472
FFAR2,-0.27314785,-0.23373035,0.7847395643147824,0.9934699050120472
TWIST2,-0.27341965,-0.50211763,0.7845306566559834,0.9934699050120472
ACKR4,-0.27532217,-0.42252555,0.7830687385116305,0.9934699050120472
LEFTY2,-0.27600163,-0.35353565,0.7825468101662882,0.9934699050120472
TNFAIP6,-0.27600163,-0.5238278,0.7825468101662882,0.9934699050120472
CD81,-0.27654523,-0.29147464,0.782129337946372,0.9934699050120472
EFNB3,-0.2773606,-0.6150514,0.7815032473107949,0.9934699050120472
BEST1,-0.28102973,-0.25577965,0.7786875969802488,0.9934699050120472
EOMES,-0.28497067,-0.8347369,0.7756666131351078,0.9934699050120472
TNFRSF14,-0.2891834,-0.27812043,0.7724410363216724,0.9934699050120472
CLEC1A,-0.29081413,-0.28373876,0.771193477394898,0.9934699050120472
NRXN3,-0.2916295,-0.35090506,0.7705699195551602,0.9934699050120472
TP53,-0.293532,-0.22453018,0.7691155284650952,0.9934699050120472
NOD2,-0.29448327,-0.21225889,0.7683886371118558,0.9934699050120472
KRT14,-0.2966576,-0.15626906,0.7667279366511532,0.9934699050120472
DDR2,-0.29937547,-0.22740474,0.764653567795042,0.9934699050120472
LY6D,-0.30005497,-0.4323068,0.7641352386556007,0.9934699050120472
PDGFD,-0.3011421,-0.4184018,0.763306131907624,0.9934699050120472
EPHB6,-0.3016857,-0.44312683,0.7628916802512457,0.9934699050120472
FZD6,-0.30250105,-0.4001094,0.7622701302268413,0.9934699050120472
SERPINA3,-0.30793682,-0.56334436,0.7581303988007637,0.9934699050120472
LIFR,-0.30793682,-0.57917595,0.7581303988007637,0.9934699050120472
KRT19,-0.31038293,-0.20955108,0.7562697718657201,0.9934699050120472
CD4,-0.3132367,-0.25924966,0.7541008258881198,0.9934699050120472
ADGRG3,-0.3135085,-0.3194531,0.7538943604275838,0.9934699050120472
BATF3,-0.31391618,-0.4692955,0.7535846952256777,0.9934699050120472
NRXN1,-0.31418797,-0.7640363,0.7533782737703892,0.9934699050120472
LPAR5,-0.31527513,-0.17372355,0.7525527643481695,0.9934699050120472
CCL18,-0.3158187,-0.092685,0.7521401156686944,0.9934699050120472
IL2RB,-0.3160905,-0.3351666,0.7519338178849078,0.9934699050120472
WNT5A,-0.31785712,-0.37628314,0.7505933148830048,0.9934699050120472
S100P,-0.32288522,-0.23404978,0.7467821686237339,0.9934699050120472
GLUL,-0.32424417,-0.3759312,0.7457531867460065,0.9934699050120472
CYP1B1,-0.32438007,-0.397007,0.7456503134616926,0.9934699050120472
ADGRF1,-0.32533133,-0.3874514,0.7449303275383675,0.9934699050120472
HCST,-0.3258749,-0.15108734,0.7445190069985058,0.9934699050120472
FFAR3,-0.3258749,-0.2583696,0.7445190069985058,0.9934699050120472
AZGP1,-0.328321,-0.371434,0.7426689677069582,0.9934699050120472
PRSS2,-0.32981583,-0.42281115,0.7415391186407034,0.9934699050120472
REG1A,-0.33008763,-0.45375147,0.7413337513043468,0.9934699050120472
CXCL17,-0.3313107,-0.4649103,0.7404098264770179,0.9934699050120472
EPHB3,-0.33226195,-0.20658955,0.7396914769953449,0.9934699050120472
IL1R2,-0.3356593,-0.43151802,0.7371278003275938,0.9934699050120472
OSMR,-0.3356593,-0.55860704,0.7371278003275938,0.9934699050120472
CLEC2D,-0.3359311,-0.24318469,0.7369228320698178,0.9934699050120472
KITLG,-0.336067,-0.46118087,0.7368203549575509,0.9934699050120472
BMX,-0.3378336,-0.6489491,0.7354885789875452,0.9934699050120472
COL6A2,-0.33892077,-0.15704022,0.7346694192598564,0.9934699050120472
PGR,-0.33960024,-0.67690927,0.734157597619092,0.9934699050120472
COL15A1,-0.34136686,-0.40352166,0.7328274145295663,0.9934699050120472
MERTK,-0.34163865,-0.18980056,0.7326228420644643,0.9934699050120472
NPPB,-0.3427258,-0.31999272,0.7318047422815607,0.9934699050120472
PTGDS,-0.34354118,-0.19745235,0.7311913673992009,0.9934699050120472
CENPF,-0.34408477,-0.82397234,0.7307825462274451,0.9934699050120472
IFI27,-0.34816158,-0.31381273,0.7277188318667743,0.9934699050120472
MAPK13,-0.34816158,-0.38970077,0.7277188318667743,0.9934699050120472
IFNG,-0.34979233,-1.3198798,0.7264945603695732,0.9934699050120472
IL6,-0.3508795,-0.33399916,0.7256787670547522,0.9934699050120472
KRT5,-0.35468453,-0.4288151,0.7228259461715724,0.9934699050120472
CEACAM1,-0.3554999,-0.42033374,0.7222151267542449,0.9934699050120472
CASR,-0.3557717,-0.37565583,0.7220115596038754,0.9934699050120472
NOTCH3,-0.3606639,-0.30786517,0.71835072938664,0.9934699050120472
YES1,-0.3647407,-0.24749503,0.7153049641497995,0.9934699050120472
EFNB1,-0.3674586,-0.4831661,0.7132769655325912,0.9934699050120472
NRIP3,-0.3701765,-0.65396404,0.7112509912890745,0.9934699050120472
EPCAM,-0.37072006,-0.22898255,0.7108460405038071,0.9934699050120472
HDAC11,-0.37099186,-0.26810953,0.7106435957030426,0.9934699050120472
BTG1,-0.37099186,-0.1596292,0.7106435957030426,0.9934699050120472
MMP9,-0.37303028,-0.18407322,0.7091259112127726,0.9934699050120472
ESAM,-0.37303028,-0.34375343,0.7091259112127726,0.9934699050120472
KRT6B,-0.37343797,-0.7006669,0.7088225125724714,0.9934699050120472
CSF1,-0.37370974,-0.17396277,0.7086202724691704,0.9934699050120472
CLEC4D,-0.3750687,-0.6590946,0.7076093803173589,0.9934699050120472
SPOCK2,-0.37574816,-0.35184914,0.7071041273104428,0.9934699050120472
RNF43,-0.37588406,-0.79218876,0.7070030921802388,0.9934699050120472
ICAM2,-0.37751478,-0.25890326,0.7057910736181094,0.9934699050120472
CXCL2,-0.3794173,-0.28989303,0.7043779949166102,0.9934699050120472
KLRK1,-0.38131985,-0.251334,0.7029659358774872,0.9934699050120472
COL5A3,-0.38145572,-0.38013545,0.702865113650811,0.9934699050120472
ABL2,-0.38539666,-0.45933014,0.699943548950867,0.9934699050120472
CYP19A1,-0.38553256,-0.45508072,0.6998428842028339,0.9934699050120472
NRG1,-0.38865814,-0.5232816,0.6975290537842755,0.9934699050120472
SPP1,-0.3897453,-0.47418424,0.6967249006890488,0.9934699050120472
LMNA,-0.3947734,-0.2517632,0.6930101364920529,0.9934699050120472
TLR8,-0.3949093,-0.32471314,0.692909839338514,0.9934699050120472
PNOC,-0.39518106,-0.33871165,0.6927092611802017,0.9934699050120472
EFNB2,-0.39613232,-0.5378397,0.6920074073522184,0.9934699050120472
WIF1,-0.39857844,-0.19010955,0.6902038558556012,0.9934699050120472
WNT7B,-0.40116042,-0.31860742,0.6883020139472407,0.9934699050120472
IL2,-0.40360653,-0.62521696,0.6865020849929728,0.9934699050120472
IL23A,-0.40523726,-0.4031915,0.6853031185362477,0.9934699050120472
EPHA2,-0.40618852,-0.30432382,0.6846040870414667,0.9934699050120472
ANGPT2,-0.40646031,-0.8682273,0.6844044133347206,0.9934699050120472
CD83,-0.4065962,-0.21163309,0.6843045847519591,0.9934699050120472
TXK,-0.4065962,-0.39971924,0.6843045847519591,0.9934699050120472
WNT5B,-0.40768337,-0.34392118,0.6835061547876211,0.9934699050120472
MET,-0.40849873,-0.9947007,0.6829075644512315,0.9934699050120472
MTRNR2L1,-0.4093141,-0.21313596,0.6823091734578665,0.9934699050120472
EGF,-0.41230378,-1.106659,0.680116783989198,0.9934699050120472
CCL7,-0.41366273,-1.1398532,0.6791211351695665,0.9934699050120472
EGFR,-0.41366273,-0.48501852,0.6791211351695665,0.9934699050120472
IL27RA,-0.41366273,-0.3270593,0.6791211351695665,0.9934699050120472
SOX9,-0.41719598,-0.4815288,0.6765350706901645,0.9934699050120472
IL12A,-0.41746777,-0.48301306,0.6763363000913436,0.9934699050120472
PRF1,-0.41746777,-0.5168181,0.6763363000913436,0.9934699050120472
RGCC,-0.4193703,-0.42348883,0.6749455380298486,0.9934699050120472
SIGIRR,-0.42018566,-0.45314422,0.6743498364533067,0.9934699050120472
ADGRL1,-0.42072922,-0.55764455,0.6739528154130479,0.9934699050120472
FGF1,-0.42195228,-0.35342476,0.6730598501629442,0.9934699050120472
FGFR1,-0.42235997,-0.2786678,0.6727622974059423,0.9934699050120472
IFNL3,-0.42263174,-0.50108135,0.672563957360399,0.9934699050120472
CCND1,-0.42276764,-0.21081996,0.6724647958798786,0.9934699050120472
RAMP2,-0.42290354,-0.34976876,0.6723656400961981,0.9934699050120472
CD34,-0.4243984,-0.333659,0.6712753028969942,0.9934699050120472
GADD45B,-0.42480606,-0.21412155,0.6709780581344011,0.9934699050120472
CHI3L1,-0.426165,-0.60490423,0.6699876142450909,0.9934699050120472
FZD4,-0.4263009,-0.36861733,0.6698886013703496,0.9934699050120472
CXCR4,-0.42820343,-0.2485715,0.668503024067508,0.9934699050120472
STAT4,-0.42942646,-0.36288407,0.6676128913680468,0.9934699050120472
ANGPTL1,-0.43132898,-0.7147997,0.6662291698991147,0.9934699050120472
OXER1,-0.43187258,-0.49036893,0.6658340292054122,0.9934699050120472
ATG12,-0.43228024,-0.35561973,0.6655377345477189,0.9934699050120472
IGF2,-0.43268794,-0.54768926,0.6652414921024591,0.9934699050120472
PDGFRB,-0.43295974,-0.6592694,0.6650440261656279,0.9934699050120472
SQSTM1,-0.43323153,-0.32764134,0.6648465834639672,0.9934699050120472
DLL1,-0.4337751,-0.41592413,0.6644517678135498,0.9934699050120472
BRCA1,-0.4340469,-0.7330009,0.6642543948884769,0.9934699050120472
FGFR2,-0.43513405,-0.815347,0.6634651361318453,0.9934699050120472
APOA1,-0.43649298,-0.7577906,0.6624790876956232,0.9934699050120472
WNT2,-0.43812373,-0.90504175,0.6612966015329251,0.9934699050120472
CASP8,-0.43812373,-0.22345564,0.6612966015329251,0.9934699050120472
COL21A1,-0.44736454,-2.0753422,0.654611873416856,0.9934699050120472
HDAC5,-0.4481799,-0.26441061,0.6540233618271609,0.9934699050120472
RARG,-0.4481799,-0.3752848,0.6540233618271609,0.9934699050120472
BCL2,-0.4530721,-0.21655893,0.6504968186516695,0.9934699050120472
PTGES,-0.45443106,-0.55823404,0.6495186061394735,0.9934699050120472
SMO,-0.45538232,-0.5489892,0.6488342166193148,0.9934699050120472
SREBF1,-0.45551822,-0.27571496,0.6487364708727252,0.9934699050120472
KRT6C,-0.45592588,-0.44679314,0.6484432699417311,0.9934699050120472
MRC2,-0.45660537,-0.25413033,0.6479547228384378,0.9934699050120472
EPOR,-0.45714894,-0.5398192,0.6475639942621975,0.9934699050120472
MKI67,-0.45728484,-0.5812477,0.6474663272837007,0.9934699050120472
ENG,-0.4585079,-0.2584164,0.6465875977568729,0.9934699050120472
WNT3,-0.46081808,-0.6750971,0.6449291202559002,0.9934699050120472
CCR10,-0.46108988,-0.59657186,0.6447341211360711,0.9934699050120472
ADGRF5,-0.46435136,-0.65894127,0.6423960409131011,0.9934699050120472
IL18R1,-0.46584618,-0.73536974,0.6413256021271774,0.9934699050120472
CST7,-0.46679744,-0.6065085,0.6406448016648153,0.9934699050120472
IL11,-0.4680205,-0.32882836,0.639769930959455,0.9934699050120472
IL34,-0.46856406,-0.41989964,0.6393812601745363,0.9934699050120472
DDR1,-0.46937945,-0.40784177,0.6387984396168609,0.9934699050120472
ST6GAL1,-0.46992302,-0.29467198,0.6384100164554822,0.9934699050120472
VEGFC,-0.47073838,-0.9311567,0.6378275677526593,0.9934699050120472
CPB1,-0.47114608,-0.85473025,0.637536427200587,0.9934699050120472
HSP90AB1,-0.47209734,-0.6196554,0.6368573167636287,0.9934699050120472
HBB,-0.47223324,-0.88767815,0.6367603258665411,0.9934699050120472
RAMP3,-0.47454342,-1.0198706,0.6351124340351151,0.9934699050120472
FCGBP,-0.4780767,-0.31252232,0.6325956236593311,0.9934699050120472
ACTG2,-0.48106638,-0.6064956,0.6304693316573105,0.9934699050120472
CD3G,-0.48704574,-0.5415963,0.6262259299240442,0.9934699050120472
KRT7,-0.48704574,-0.6321695,0.6262259299240442,0.9934699050120472
SMAD4,-0.4873175,-0.33616233,0.6260333403490295,0.9934699050120472
TNFRSF12A,-0.4878611,-0.2538792,0.625648237728796,0.9934699050120472
JAG1,-0.48922002,-0.4686368,0.624685928107743,0.9934699050120472
CTSG,-0.48962772,-0.2509242,0.6243973598727379,0.9934699050120472
NLRP1,-0.48976362,-0.41995528,0.6243011832584342,0.9934699050120472
IRF3,-0.48976362,-0.23257948,0.6243011832584342,0.9934699050120472
PF4,-0.49085078,-0.674955,0.6235320008909391,0.9934699050120472
ALCAM,-0.49125844,-0.29238003,0.6232436632594794,0.9934699050120472
MTOR,-0.4928892,-0.49587566,0.6220908905156268,0.9934699050120472
IL17B,-0.49954802,-0.3765441,0.617393372281444,0.9934699050120472
SOX4,-0.49981982,-0.44396162,0.6172019671419167,0.9934699050120472
INHBA,-0.49981982,-0.92742556,0.6172019671419167,0.9934699050120472
CSF2RA,-0.50063515,-0.27768844,0.6166279077642817,0.9934699050120472
BST2,-0.50213003,-0.2359252,0.6155760742655129,0.9934699050120472
TNFRSF17,-0.50308126,-0.78207666,0.6149071364773795,0.9934699050120472
ADGRG1,-0.5066145,-0.88337016,0.6124253160642941,0.9934699050120472
RXRA,-0.5066145,-0.28898942,0.6124253160642941,0.9934699050120472
TNFRSF10B,-0.5091965,-0.32069838,0.6106144836429277,0.9934699050120472
IFITM1,-0.51028365,-0.2670406,0.6098527391575992,0.9934699050120472
MAP1LC3B,-0.51069134,-0.36875618,0.6095671938569804,0.9934699050120472
CLCF1,-0.51218617,-0.55151486,0.60852070326823,0.9934699050120472
JAK2,-0.51368105,-0.25266165,0.6074750136034428,0.9934699050120472
BMPR1A,-0.51395285,-0.53513134,0.6072849743941464,0.9934699050120472
SELL,-0.51504,-0.5484104,0.6065250831011135,0.9934699050120472
CD24,-0.5161271,-0.32810062,0.6057656171738179,0.9934699050120472
TWIST1,-0.5174861,-0.4276439,0.6048168839390923,0.9934699050120472
NRG4,-0.5196604,-0.67221016,0.6033002985475946,0.9934699050120472
TNF,-0.51993215,-0.4616116,0.6031108456854619,0.9934699050120472
PTGS2,-0.52156293,-0.5129403,0.601974691040456,0.9934699050120472
RELA,-0.52346545,-0.33009517,0.6006503982610981,0.9934699050120472
CCR7,-0.5260474,-0.5590447,0.5988552529036955,0.9934699050120472
SPINK1,-0.5275423,-0.72328585,0.5978170713512516,0.9934699050120472
IL12RB2,-0.5284935,-0.71369493,0.5971568363551355,0.9934699050120472
RORA,-0.5287653,-0.80704385,0.5969682587162063,0.9934699050120472
CCL28,-0.5293089,-0.8267865,0.5965911847454562,0.9934699050120472
ROR1,-0.5295807,-0.81134886,0.5964026884336939,0.9934699050120472
SMAD3,-0.53270626,-0.7716698,0.5942369332691191,0.9934699050120472
CD19,-0.53284216,-0.83589894,0.5941428516232745,0.9934699050120472
COL9A3,-0.53324986,-0.5378107,0.5938606475641139,0.9934699050120472
FASN,-0.5386856,-0.5411199,0.5901038016523957,0.9934699050120472
PTGIS,-0.54045224,-1.4085184,0.5888851880417734,0.9934699050120472
CHGA,-0.54208297,-1.4888029,0.5877613460825257,0.9934699050120472
ITGA9,-0.5435778,-0.29088593,0.5867320299168766,0.9934699050120472
FCRLA,-0.5443932,-0.599484,0.5861709370138171,0.9934699050120472
KRT17,-0.5448009,-0.33449292,0.5858904839218958,0.9934699050120472
AREG,-0.54928535,-0.74608094,0.582809617812895,0.9934699050120472
CLDN4,-0.54942125,-0.4410897,0.5827163763395976,0.9934699050120472
TNFRSF18,-0.55145967,-0.52008796,0.5813185902873689,0.9934699050120472
KRT23,-0.5558083,-0.4726852,0.5783419003384067,0.9934699050120472
SPRY4,-0.5579826,-0.834879,0.5768562476742145,0.9934699050120472
FN1,-0.56178766,-0.57131225,0.5742606928920326,0.9934699050120472
FGF2,-0.56205946,-0.94272065,0.5740755078991062,0.9934699050120472
TYMS,-0.56233126,-0.8328572,0.5738903511931611,0.9934699050120472
ACVRL1,-0.56260306,-0.41314065,0.5737052227835517,0.9934699050120472
OASL,-0.56260306,-0.5385852,0.5737052227835517,0.9934699050120472
NOSIP,-0.5658645,-0.38342264,0.5714858923797995,0.9934699050120472
TNFRSF21,-0.56912595,-0.2975205,0.5692706540767293,0.9934699050120472
PTGES2,-0.56953365,-0.33860627,0.5689940378115808,0.9934699050120472
IL7,-0.57130027,-0.8789039,0.5677961098243474,0.9934699050120472
ITGA5,-0.5736105,-0.32629675,0.5662314123678435,0.9934699050120472
TNFSF14,-0.5737464,-0.71558136,0.5661394358152773,0.9934699050120472
PTHLH,-0.5748335,-1.0758531,0.5654038816476831,0.9934699050120472
VEGFD,-0.5760566,-0.707857,0.564576932518627,0.9934699050120472
CD63,-0.57972574,-0.5983896,0.5620995829402448,0.9934699050120472
CCL19,-0.58054113,-0.47855005,0.5615497748928859,0.9934699050120472
FZD5,-0.58122057,-0.38387936,0.561091800267726,0.9934699050120472
DUSP6,-0.5840744,-0.26980397,0.5591702831238312,0.9934699050120472
CD79A,-0.58652043,-0.50755054,0.5575258151026661,0.9934699050120472
RGS2,-0.5876076,-0.29375044,0.5567956968056672,0.9934699050120472
CCL23,-0.588423,-0.6073932,0.5562484140390143,0.9934699050120472
STMN1,-0.58883065,-0.31989095,0.5559748710830597,0.9934699050120472
ITGB2,-0.5905973,-0.3622353,0.5547902773680198,0.9934699050120472
PTK6,-0.59141266,-0.5871107,0.5542439583078649,0.9934699050120472
SYK,-0.5927716,-0.2734081,0.5533340119496033,0.9934699050120472
TNFSF9,-0.5930434,-0.46161398,0.553152110567851,0.9934699050120472
MS4A1,-0.5937229,-0.80275655,0.5526974853942936,0.9934699050120472
HCAR2,-0.59875095,-0.44472453,0.5493389671405795,0.9934699050120472
C5AR2,-0.60065347,-0.52296484,0.5480708062528513,0.9934699050120472
IL20RA,-0.60146886,-1.1002941,0.5475277519375643,0.9934699050120472
IGFBP7,-0.6028278,-0.26901084,0.5466232532104893,0.9934699050120472
CHEK1,-0.6058175,-0.52817124,0.5446359646646978,0.9934699050120472
CD274,-0.60636103,-0.35481828,0.5442750255049824,0.9934699050120472
KRT6A,-0.6069046,-0.5634169,0.5439142052928012,0.9934699050120472
IL11RA,-0.6124763,-0.53064823,0.5402226719994675,0.9934699050120472
CAV1,-0.6131558,-0.40290675,0.5397733439212196,0.9934699050120472
FGF9,-0.6134276,-0.8554643,0.5395936650877873,0.9934699050120472
TAP1,-0.6142429,-0.37335876,0.5390548083449571,0.9934699050120472
RGS1,-0.6153301,-0.33727884,0.5383367524304813,0.9934699050120472
BID,-0.6177762,-0.32940212,0.5367228831183083,0.9934699050120472
SNAI1,-0.61899924,-0.55023426,0.5359168619433968,0.9934699050120472
TLR5,-0.61913514,-0.55990237,0.5358273416746305,0.9934699050120472
CFLAR,-0.62103766,-0.29101926,0.5345748491987006,0.9934699050120472
TFEB,-0.6267452,-0.58087844,0.5308262568209712,0.9934699050120472
FABP5,-0.62783235,-0.27950752,0.5301137545856589,0.9934699050120472
DNMT3A,-0.6362578,-0.4397457,0.5246083845897024,0.9934699050120472
MGP,-0.63883984,-0.5958372,0.5229271364865535,0.9934699050120472
LEP,-0.6397911,-1.0371091,0.5223084274206728,0.9934699050120472
DPP4,-0.64074236,-0.7318651,0.5216900947917491,0.9934699050120472
ANGPT4,-0.6422372,-1.7000034,0.5207191905821125,0.9934699050120472
MS4A4A,-0.6460422,-0.32413167,0.5182520050242264,0.9934699050120472
CCL5,-0.64740115,-0.49720556,0.5173723342457484,0.9934699050120472
RB1,-0.64821655,-0.31887826,0.5168449030359221,0.9934699050120472
KRT10,-0.6497114,-0.8866319,0.5158786697888238,0.9934699050120472
ESR1,-0.6529729,-0.9061871,0.513773781964501,0.9934699050120472
PDCD1,-0.6544677,-0.8526871,0.5128105374584544,0.9934699050120472
IL12B,-0.65732145,-0.7151284,0.5109742326966712,0.9934699050120472
INSR,-0.65745735,-0.5780442,0.5108868753856759,0.9934699050120472
LDLR,-0.6593599,-0.45722538,0.5096646929281121,0.9934699050120472
IDO1,-0.6593599,-0.5190682,0.5096646929281121,0.9934699050120472
IL17RB,-0.65990347,-0.6526784,0.5093157792557317,0.9934699050120472
CD84,-0.6616701,-0.31760103,0.5081826743419056,0.9934699050120472
STAT6,-0.6622137,-0.36979577,0.507834292898522,0.9934699050120472
MMP2,-0.6626214,-0.44723538,0.5075730890950494,0.9934699050120472
TGFB3,-0.6661546,-0.76640916,0.5053122807421739,0.9934699050120472
TNFRSF1A,-0.66696995,-0.31913793,0.5047913099584582,0.9934699050120472
TGFB2,-0.66805714,-0.6440347,0.5040971228755307,0.9934699050120472
ATM,-0.67050326,-0.44127804,0.5025370453522051,0.9934699050120472
FFAR4,-0.6715904,-0.6584604,0.5018444979003391,0.9934699050120472
RAC2,-0.6753954,-0.40932906,0.4994245652585788,0.9934699050120472
FLT1,-0.67729795,-0.5960116,0.4982169268814419,0.9934699050120472
DMBT1,-0.67838514,-0.9508792,0.49752754587862513,0.9934699050120472
ADGRA2,-0.6792005,-0.8600118,0.49701084363369075,0.9934699050120472
COL1A2,-0.68001586,-0.34028152,0.49649442745791617,0.9934699050120472
HTT,-0.6842286,-0.34445688,0.49383084146899114,0.9934699050120472
NFKBIA,-0.6853157,-0.33247325,0.49314470796489707,0.9934699050120472
CSF1R,-0.6859952,-0.40209267,0.49271613399472747,0.9934699050120472
IL1RL1,-0.68762594,-1.1580539,0.4916883715152103,0.9934699050120472
IL1RAP,-0.68789774,-0.43151426,0.4915171897121925,0.9934699050120472
PGF,-0.6887131,-1.0392395,0.4910038363397642,0.9934699050120472
PROK2,-0.691431,-0.98066753,0.4892947408420699,0.9934699050120472
VCAM1,-0.69442064,-0.55117667,0.48741844217703034,0.9934699050120472
CPA3,-0.69795394,-0.6825171,0.48520601589598167,0.9934699050120472
IGF1R,-0.69808984,-0.72884417,0.48512103131022954,0.9934699050120472
HSPB1,-0.69917697,-0.33890763,0.48444144491691477,0.9934699050120472
EPHA4,-0.69985646,-1.2745502,0.48401696561263585,0.9934699050120472
ATR,-0.7001282,-0.46801126,0.48384723039099087,0.9934699050120472
ACVR1,-0.7001282,-1.066908,0.48384723039099087,0.9934699050120472
CAMP,-0.7006718,-0.85784215,0.4835078568401323,0.9934699050120472
IL1R1,-0.7010795,-0.39460596,0.4832534114830064,0.9934699050120472
RARB,-0.7012154,-0.8452983,0.48316861252174326,0.9934699050120472
XBP1,-0.7016231,-0.3320697,0.48291426412243654,0.9934699050120472
ADGRL4,-0.701759,-1.6419244,0.48282949748681303,0.9934699050120472
HBA1,-0.701759,-0.5506406,0.48282949748681303,0.9934699050120472
CCL20,-0.7027102,-0.8092137,0.4822363574170322,0.9934699050120472
NR1H2,-0.7033897,-0.4296897,0.48181292859123137,0.9934699050120472
HAVCR2,-0.70637935,-0.37606075,0.4799522466760501,0.9934699050120472
HMGN2,-0.7085537,-0.719011,0.4786014884846522,0.9934699050120472
ITGA3,-0.7134459,-0.91201246,0.47556989016886464,0.9934699050120472
AHR,-0.71398944,-0.32721654,0.4752336972850847,0.9934699050120472
CCRL2,-0.71398944,-0.44826195,0.4752336972850847,0.9934699050120472
KDR,-0.7146689,-1.0114533,0.4748136396371495,0.9934699050120472
COL1A1,-0.71643555,-0.33753383,0.47372244437901323,0.9934699050120472
CDH5,-0.71738684,-0.89163184,0.4731354492867541,0.9934699050120472
NLRP3,-0.7179304,-0.7957472,0.47280020329343164,0.9934699050120472
PTGS1,-0.71928936,-0.42311665,0.4719626606849622,0.9934699050120472
APP,-0.7201047,-0.45515862,0.47146052784478,0.9934699050120472
SAA2,-0.72390974,-1.0597306,0.46912114096842095,0.9934699050120472
IL32,-0.72635585,-0.37154502,0.4676206464628301,0.9934699050120472
SNAI2,-0.7282584,-0.50870585,0.4664554364785002,0.9934699050120472
RARRES2,-0.7297532,-0.5398253,0.4655410460370062,0.9934699050120472
HSD17B2,-0.7324711,-0.63223565,0.4638810727480085,0.9934699050120472
TLR3,-0.7330147,-0.86556685,0.4635494740699525,0.9934699050120472
PTPRCAP,-0.73573256,-0.5706598,0.46189346307391754,0.9934699050120472
MYC,-0.73627615,-0.87615025,0.4615626576691534,0.9934699050120472
CLEC5A,-0.7380428,-1.3976275,0.4604884545123473,0.9934699050120472
RPL32,-0.73831457,-0.3305752,0.4603233166823073,0.9934699050120472
ITGB1,-0.73872226,-0.36189276,0.46007567206555866,0.9934699050120472
IFNAR1,-0.7422555,-0.38112703,0.4579325443944322,0.9934699050120472
LUM,-0.74687594,-0.57696337,0.4551384642203087,0.9934699050120472
BMP7,-0.7476913,-0.9227276,0.45464638967355686,0.9934699050120472
MAML2,-0.7498656,-0.5256537,0.45333565744180937,0.9934699050120472
MMP10,-0.7509528,-1.0165635,0.4526810919054085,0.9934699050120472
AKT1,-0.7509528,-0.5179005,0.4526810919054085,0.9934699050120472
HSPA1B,-0.75652444,-0.3469032,0.44933483474431,0.9934699050120472
GDF15,-0.75666034,-0.6261355,0.44925339437010414,0.9934699050120472
C11orf96,-0.7572039,-0.42310223,0.4489277166172305,0.9934699050120472
CALM1,-0.7593782,-0.3955647,0.4476263462265351,0.9934699050120472
LAMP2,-0.7599218,-0.35381484,0.4473013389883369,0.9934699050120472
ACE2,-0.7615525,-1.1651124,0.44632712278671005,0.9934699050120472
EPHB4,-0.76359093,-0.738625,0.4451110529830715,0.9934699050120472
HDAC4,-0.7645422,-0.7174437,0.44454420087879876,0.9934699050120472
MPO,-0.7707933,-0.8912661,0.44082943482423975,0.9934699050120472
CALD1,-0.7718805,-0.3858196,0.44018520962310737,0.9934699050120472
GDF10,-0.7722882,-0.95130104,0.4399437644722377,0.9934699050120472
IFNL2,-0.77296764,-0.88636374,0.4395415247994606,0.9934699050120472
XCL1,-0.77296764,-0.701979,0.4395415247994606,0.9934699050120472
CLOCK,-0.77487016,-0.6210649,0.4384163775635378,0.9934699050120472
UPK3A,-0.7769086,-0.99214584,0.43721270200432005,0.9934699050120472
DCN,-0.7774522,-0.45368007,0.43689204345744814,0.9934699050120472
TGFB1,-0.77758807,-0.3674858,0.4368118999885655,0.9934699050120472
CTLA4,-0.7819367,-1.060462,0.4342517834255386,0.9934699050120472
IAPP,-0.78451866,-1.3991009,0.43273582487379936,0.9934699050120472
PSCA,-0.78587765,-1.0167055,0.43193918386493946,0.9934699050120472
IL6ST,-0.7871007,-0.3616071,0.4312229339728839,0.9934699050120472
FOXP3,-0.78778017,-1.1887828,0.43082531513213806,0.9934699050120472
P2RX5,-0.7884596,-1.0849239,0.4304279090697627,0.9934699050120472
COL4A5,-0.7896827,-1.2099288,0.4297131145807159,0.9934699050120472
PHLDA2,-0.7917211,-0.8071071,0.4285233240315397,0.9934699050120472
IRF4,-0.80191314,-0.57049453,0.4226031867294727,0.9934699050120472
CTSW,-0.8061259,-0.939175,0.4201702595977016,0.9934699050120472
AZU1,-0.8087079,-0.59791315,0.4186831866296573,0.9934699050120472
EPHB2,-0.8134642,-0.4397439,0.41595196408315216,0.9934699050120472
AQP3,-0.81482315,-1.2116245,0.4151735510583222,0.9934699050120472
INHBB,-0.8159103,-1.1319396,0.4145514408659098,0.9934699050120472
FYB1,-0.8182205,-0.38797265,0.4132312884311605,0.9934699050120472
FLT3LG,-0.8254229,-0.5575876,0.4091315317397477,0.9934699050120472
RXRB,-0.8259665,-0.42165014,0.40882310151442447,0.9934699050120472
INHA,-0.8309946,-0.90375066,0.40597668892982985,0.9934699050120472
HDAC1,-0.83412015,-0.5330749,0.4042132777910148,0.9934699050120472
TLR4,-0.8354791,-0.4100799,0.40344800909004175,0.9934699050120472
BAG3,-0.8354791,-0.81094444,0.40344800909004175,0.9934699050120472
JUN,-0.84173024,-0.44490498,0.39993896419473673,0.9934699050120472
IL17D,-0.848525,-0.65012586,0.39614567313360416,0.9934699050120472
TNFSF4,-0.8558633,-0.8823453,0.39207341405797247,0.9934699050120472
CXCL8,-0.8568145,-0.6719455,0.3915473941083081,0.9934699050120472
CNTFR,-0.8570863,-0.7418934,0.3913971814037217,0.9934699050120472
IL24,-0.8577658,-0.9889995,0.3910218027188108,0.9934699050120472
CCL26,-0.8603478,-1.3965386,0.3895973588074192,0.9934699050120472
S100A2,-0.8680938,-0.9120612,0.38534300137814526,0.9934699050120472
FYN,-0.8683656,-0.7958034,0.3851942430604053,0.9934699050120472
CXCL16,-0.87597567,-0.39996538,0.38104327236616076,0.9934699050120472
AGR2,-0.8800525,-1.3961711,0.37883087933216075,0.9934699050120472
ADGRF3,-0.88100374,-0.85574245,0.3783157940837375,0.9934699050120472
CD86,-0.8852165,-0.52997786,0.37603989042119534,0.9934699050120472
FES,-0.8876626,-0.42652735,0.3747222849281441,0.9934699050120472
FKBP11,-0.8880702,-0.41985372,0.37450296181185805,0.9934699050120472
SPRY2,-0.89201117,-0.5972507,0.37238693258365896,0.9934699050120472
NFKB1,-0.8944573,-0.589544,0.37107726955116516,0.9934699050120472
IL2RA,-0.8950009,-0.46236867,0.37078662197681245,0.9934699050120472
ELANE,-0.90356225,-1.0503799,0.36622758063911,0.9934699050120472
CXCL6,-0.9046494,-1.0561643,0.3656511672806947,0.9934699050120472
VIM,-0.9050571,-0.7260674,0.36543515834656015,0.9934699050120472
GSN,-0.91090053,-0.5441478,0.3623477901885618,0.9934699050120472
CD2,-0.9210926,-0.8493762,0.3570020798136849,0.9934699050120472
OLR1,-0.9234028,-1.298546,0.3557973265705353,0.9934699050120472
IL17RA,-0.9242182,-0.5861494,0.35537273244890966,0.9934699050120472
G6PD,-0.9285668,-0.58608687,0.35311363326074574,0.9934699050120472
OLFM4,-0.93196416,-0.80560935,0.3513550461601266,0.9934699050120472
PDCD1LG2,-0.9341385,-0.6441873,0.35023246774953376,0.9934699050120472
TNFRSF10D,-0.9531637,-0.73389804,0.3405071363963217,0.9934699050120472
ANXA4,-0.9561534,-0.59164226,0.33899475145522817,0.9934699050120472
IL1RN,-0.9580559,-0.6861425,0.33803457235528545,0.9934699050120472
TNFRSF9,-0.95941484,-0.9768558,0.337349800662752,0.9934699050120472
ACKR3,-0.96131736,-1.6666851,0.33639261924110986,0.9934699050120472
EZH2,-0.9634917,-0.67009914,0.3353008392828092,0.9934699050120472
MIF,-0.9651224,-0.4741849,0.3344835036996562,0.9934699050120472
RAC1,-0.9659378,-0.45215288,0.33407531790793654,0.9934699050120472
GZMH,-0.9670249,-0.7094136,0.3335315700788243,0.9934699050120472
CD47,-0.968248,-0.48406982,0.3329205367092385,0.9934699050120472
TLR7,-0.9732761,-0.5369226,0.3304161089486731,0.9934699050120472
CLEC4A,-0.9749068,-0.6803463,0.3296064875499607,0.9934699050120472
CMKLR1,-0.9765375,-0.4455123,0.32879815227508247,0.9934699050120472
ETV5,-0.9846912,-0.44979644,0.32477577112227196,0.9934699050120472
CDKN1A,-0.9864578,-0.7620784,0.32390849453951354,0.9934699050120472
TCL1A,-1.0039883,-1.3982544,0.31538428992979506,0.9934699050120472
ITGAV,-1.0113266,-0.49336857,0.31186017519288933,0.9934699050120472
KRT13,-1.0114625,-1.1471786,0.31179515955866977,0.9934699050120472
IL22RA1,-1.0143162,-1.4725658,0.3104318953931111,0.9934699050120472
GDF6,-1.0143162,-1.0018455,0.3104318953931111,0.9934699050120472
ATG5,-1.0154034,-0.6368889,0.30991359317102096,0.9934699050120472
LYZ,-1.0289928,-0.93602663,0.3034830568090465,0.9934699050120472
SEC61G,-1.0303518,-0.64216834,0.30284491549381465,0.9934699050120472
STAT5A,-1.031303,-0.5367798,0.30239874784958465,0.9934699050120472
IFIH1,-1.0336132,-0.53465044,0.30131701920398823,0.9934699050120472
CCR2,-1.0361952,-1.0390556,0.30011108141567455,0.9934699050120472
H4C3,-1.0439411,-0.4632115,0.29651259823665455,0.9934699050120472
PLAC8,-1.0469309,-0.6958569,0.29513146255803935,0.9934699050120472
PTGDR2,-1.049377,-0.68511784,0.29400465288880173,0.9934699050120472
UBE2C,-1.0499206,-0.7114501,0.2937546430534784,0.9934699050120472
BIRC5,-1.050736,-1.1150616,0.29337989575427437,0.9934699050120472
CSF2RB,-1.0578024,-0.51323473,0.29014552601195975,0.9934699050120472
NR3C1,-1.0602485,-0.5795788,0.2890315493582424,0.9934699050120472
IER3,-1.0637817,-0.5939945,0.2874275655958052,0.9934699050120472
MT1X,-1.0650048,-0.5926284,0.28687374257204123,0.9934699050120472
DST,-1.0681304,-0.5297757,0.2854616920693983,0.9934699050120472
ADIRF,-1.0694894,-0.7304815,0.2848492251192488,0.9934699050120472
EFNA1,-1.0697612,-0.75906825,0.28472683847424707,0.9934699050120472
RARRES1,-1.0716636,-1.4724493,0.2838711280878061,0.9934699050120472
RBPJ,-1.075061,-0.52074635,0.2823474085409693,0.9934699050120472
OSM,-1.0883787,-1.1998411,0.2764279694609024,0.9934699050120472
KRT15,-1.0925914,-0.5347714,0.27457323709925174,0.9934699050120472
OAS1,-1.0984349,-0.62424,0.2720146434308003,0.9934699050120472
CLU,-1.1042783,-1.0367274,0.2694724198701024,0.9934699050120472
SOX2,-1.109986,-1.0734657,0.267005103567974,0.9934699050120472
ICOSLG,-1.1127038,-0.62779003,0.26583566878132536,0.9934699050120472
CTNNB1,-1.117596,-0.46772158,0.26373958356307536,0.9934699050120472
IL12RB1,-1.1189549,-0.7762775,0.2631593665078029,0.9934699050120472
TNFRSF11A,-1.1257497,-1.0802054,0.26027149985474973,0.9934699050120472
CX3CR1,-1.1281958,-1.2794113,0.25923725664183295,0.9934699050120472
SELPLG,-1.1307777,-0.66909677,0.25814864760148826,0.9934699050120472
POU5F1,-1.1333598,-0.8932092,0.2570632122945282,0.9934699050120472
FGG,-1.142057,-1.5418637,0.2534303322845669,0.9934699050120472
BST1,-1.1459979,-1.2641288,0.25179600954146564,0.9934699050120472
OAS2,-1.14858,-0.73675036,0.2507292399536304,0.9934699050120472
GLUD1,-1.1570054,-0.8449815,0.24727016296441406,0.9934699050120472
FOS,-1.1572772,-0.5447941,0.24715913896658037,0.9934699050120472
VEGFA,-1.1583643,-1.0244856,0.24671539210190407,0.9934699050120472
SAA1,-1.1632565,-0.80123276,0.2447254396548172,0.9934699050120472
RPL34,-1.1638001,-0.49446663,0.24450503119629952,0.9934699050120472
BTK,-1.166518,-0.5398496,0.24340507928752253,0.9934699050120472
NPPC,-1.1833689,-0.541486,0.23666297629499355,0.9934699050120472
BECN1,-1.1915226,-0.86471236,0.23344850181105536,0.9934699050120472
TLR2,-1.1958712,-0.7211506,0.23174682862755602,0.9934699050120472
AXL,-1.1996763,-0.53714913,0.2302651054590351,0.9934699050120472
MX1,-1.2055197,-0.68065476,0.22800273827545825,0.9934699050120472
LAMP3,-1.2139452,-1.2495615,0.22476866842136478,0.9934699050120472
SMAD2,-1.221827,-0.617956,0.22177304348520854,0.9934699050120472
CD8A,-1.2267193,-0.96784806,0.2199281363175163,0.9934699050120472
ANXA1,-1.2322909,-0.65470403,0.21784043576243373,0.9934699050120472
TUBB,-1.2326986,-0.51911676,0.21768823844853258,0.9934699050120472
ACVR2A,-1.2365036,-1.7212917,0.21627141585960252,0.9934699050120472
STAT3,-1.2442496,-0.56395906,0.21340770752884886,0.9934699050120472
CCL15,-1.2559365,-0.92283154,0.2091389789670871,0.9934699050120472
SEC23A,-1.2638184,-0.8120934,0.2062952085725288,0.9934699050120472
ICAM3,-1.264362,-0.7971407,0.20610012666726463,0.9934699050120472
CCR5,-1.2711567,-1.3295535,0.20367290039129538,0.9934699050120472
CXCL1,-1.2714285,-0.9759884,0.2035762459764724,0.9934699050120472
EZR,-1.2794462,-0.6261053,0.2007399450134556,0.9934699050120472
COL18A1,-1.2839308,-1.0572337,0.19916616996844805,0.9934699050120472
ADGRE2,-1.285018,-0.9100339,0.19878601023400366,0.9934699050120472
ATF3,-1.2855616,-1.1068318,0.19859612940424443,0.9934699050120472
FOXF1,-1.2871922,-0.81008804,0.19802728262571145,0.9934699050120472
CXCL14,-1.2923563,-0.54059905,0.1962337988831241,0.9934699050120472
TNFSF13B,-1.2996945,-0.85006267,0.19370567741605726,0.9934699050120472
CCL4L2,-1.3192633,-0.6834946,0.1870810839078597,0.9934699050120472
IL3RA,-1.3286401,-1.1516092,0.1839667444805494,0.9934699050120472
TAGLN,-1.3293196,-0.7104971,0.183742568489911,0.9934699050120472
LTBR,-1.332581,-0.6209873,0.18266933963467213,0.9934699050120472
TAP2,-1.3331246,-0.79707694,0.18249092089970453,0.9934699050120472
FCGR3A,-1.3358425,-0.6582964,0.18160076508759326,0.9934699050120472
TNFSF10,-1.34155,-0.85908437,0.17974193235428237,0.9934699050120472
H2AZ1,-1.3427731,-0.6106421,0.17934545737267316,0.9934699050120472
JUNB,-1.3529652,-0.5847747,0.17606675437048214,0.9934699050120472
GSTP1,-1.3540523,-0.6026454,0.17571968115307357,0.9934699050120472
CXCL10,-1.355819,-0.970982,0.1751567759060373,0.9934699050120472
YBX3,-1.3630214,-0.71902615,0.1728757757131627,0.9934699050120472
SRC,-1.3695443,-0.68206376,0.17082919587373446,0.9934699050120472
CXCL9,-1.3959079,-1.4248714,0.16274225310679746,0.9934699050120472
CRP,-1.3999847,-0.64482915,0.16151791170568497,0.9934699050120472
LAG3,-1.4008,-1.2167925,0.1612738802114344,0.9934699050120472
IL2RG,-1.4065076,-0.7806509,0.15957345082347862,0.9934699050120472
GPR183,-1.4070512,-0.7190716,0.1594122151006795,0.9934699050120472
CLEC2B,-1.411128,-0.9467989,0.15820687326871552,0.9934699050120472
CLEC12A,-1.4116716,-0.9473762,0.15804668387314602,0.9934699050120472
MMP14,-1.4199611,-0.68262017,0.15561899280762342,0.9934699050120472
ADGRE5,-1.4258046,-0.9192247,0.15392475052600535,0.9934699050120472
CD40,-1.4306968,-0.94638836,0.15251712844978987,0.9934699050120472
LGALS1,-1.4406171,-0.6632953,0.14969288585149637,0.9934699050120472
SERPINB5,-1.4483631,-1.673495,0.1475155325800255,0.9934699050120472
CLEC7A,-1.4493144,-0.6247933,0.1472498159257933,0.9934699050120472
RARA,-1.4552937,-0.70103765,0.14558796886540615,0.9934699050120472
DUSP1,-1.4582834,-0.7555698,0.1447624487774982,0.9934699050120472
TNFSF12,-1.4608654,-1.0527576,0.14405238999113654,0.9934699050120472
IL7R,-1.4720087,-1.4057868,0.1410185223148802,0.9871296562041615
CSF3R,-1.4812496,-1.2172232,0.13854008813144297,0.984147737170769
NOTCH2,-1.4836956,-0.93548757,0.13788968217590844,0.984147737170769
HSP90AA1,-1.4929365,-0.80347097,0.13545381806807394,0.9769498639345052
HMGB2,-1.4964697,-0.79099005,0.1345312919723926,0.9769498639345052
KLF2,-1.4978287,-0.7861451,0.13417777040769252,0.9769498639345052
ZFP36,-1.4981004,-0.6923415,0.1341071523826101,0.9769498639345052
CCL4,-1.5002748,-0.72288185,0.1335432425459226,0.9769498639345052
STAT1,-1.5084285,-0.6551999,0.13144490986761417,0.9769498639345052
CD5L,-1.5111463,-1.4396324,0.13075117430336103,0.9769498639345052
COL3A1,-1.5157667,-0.6565294,0.1295783459651576,0.9769498639345052
ICOS,-1.5388688,-1.2452124,0.12383633109342218,0.9577342057950957
VEGFB,-1.5470225,-1.0129396,0.121857829751723,0.9500947864382305
HIF1A,-1.5472943,-0.8992047,0.12179230782451768,0.9500947864382305
CD163,-1.5513711,-0.69330883,0.12081278097142324,0.9500947864382305
IL10,-1.5568068,-1.0778756,0.11951634776437008,0.9500947864382305
CD59,-1.559253,-0.730153,0.11893652025160746,0.9500947864382305
CXCL3,-1.5729783,-0.9079644,0.11572384272039109,0.9405013997360597
ICAM1,-1.5815396,-0.7759026,0.11375470014409245,0.9323996362238004
MMP8,-1.5842575,-1.8342787,0.11313512381155418,0.9323996362238004
RELT,-1.5846652,-0.742598,0.11304241713263159,0.9323996362238004
TNFRSF4,-1.5864319,-1.8387941,0.11264137975784977,0.9323996362238004
IL10RA,-1.599206,-0.6771754,0.10977485302485418,0.9316290623967713
CIITA,-1.6024674,-0.7227781,0.10905229143181283,0.9316290623967713
FZD7,-1.6049135,-1.1348279,0.10851284268456855,0.9316290623967713
IL6R,-1.605593,-0.7721517,0.10836337112671868,0.9316290623967713
CCL3,-1.6136107,-0.8071501,0.1066118852259743,0.9316290623967713
CRIP1,-1.6213567,-0.79242563,0.10494115570596246,0.9316290623967713
IFNGR2,-1.6231234,-0.72083,0.10456303807096042,0.9316290623967713
KRAS,-1.627336,-1.1617717,0.10366573851892213,0.9316290623967713
CLEC10A,-1.6288309,-0.7315499,0.10334881685147305,0.9316290623967713
LAIR1,-1.6315488,-0.72596544,0.10277456937916986,0.9316290623967713
IGF2R,-1.6391588,-0.70958203,0.10118017097039333,0.9316290623967713
HDAC3,-1.6398383,-0.74227643,0.1010387774098422,0.9316290623967713
DUSP2,-1.6462255,-1.3909847,0.09971735932266014,0.9316290623967713
PECAM1,-1.6528842,-0.8777233,0.09835442523532016,0.9316290623967713
CD48,-1.7315671,-0.79070485,0.08335066316154158,0.8156457752236569
COL9A2,-1.7382259,-0.7718428,0.08217100714874544,0.8123917098520296
PTGES3,-1.7397208,-0.7447075,0.08190805596140528,0.8123917098520296
NLRC4,-1.7501847,-1.2598698,0.0800864534600985,0.8084516722972048
IFNAR2,-1.7625511,-0.857126,0.07797623679551823,0.7955235222010848
ENTPD1,-1.7635024,-0.7381618,0.07781580549422755,0.7955235222010848
ITGAM,-1.7679869,-1.0676218,0.07706310339969338,0.7955235222010848
CSK,-1.7692099,-0.80392855,0.07685885400427588,0.7955235222010848
TUBB4B,-1.8000579,-0.9671882,0.07185149105622578,0.765617554699117
CD58,-1.801281,-1.163055,0.07165860365136945,0.765617554699117
LGALS9,-1.8133756,-0.81208926,0.06977391187646777,0.7603770623810522
CD36,-1.8165011,-0.7997321,0.0692935298616602,0.7603770623810522
PTPRC,-1.8196267,-0.7781265,0.06881586753645917,0.7603770623810522
CD44,-1.8220729,-0.8191399,0.06844393498592061,0.7603770623810522
IL18,-1.8322649,-0.9319003,0.06691196104657078,0.7603770623810522
CD164,-1.8391955,-0.9067166,0.06588643108041538,0.7603770623810522
DNMT1,-1.8483005,-0.8390006,0.06455888864451755,0.7550240757328331
RUNX3,-1.8492517,-0.91424316,0.06442147291241787,0.7550240757328331
TGFBR2,-1.8722179,-0.8706947,0.06117646530844707,0.7333528778850094
HSPA1A,-1.8792844,-0.78529334,0.06020567068298954,0.7308511162656579
ARHGDIB,-1.8796921,-0.77850085,0.06015005521090342,0.7308511162656579
CD37,-1.9574237,-1.0571167,0.05029767310145856,0.6346772171618258
S100A10,-1.985418,-0.9317035,0.04709798853927807,0.6022262801222356
FPR1,-1.9870487,-1.5692663,0.046917000182470074,0.6022262801222356
RPL22,-1.9927562,-0.8151155,0.04628814258131307,0.6022262801222356
VHL,-1.9957459,-0.918572,0.04596158314326008,0.6022262801222356
EIF5A,-1.9971049,-0.839805,0.04581378975805662,0.6022262801222356
ITGAL,-2.0210223,-1.2850256,0.04327745517870172,0.6014939060344195
MMP12,-2.0411346,-1.1357343,0.04123744075461643,0.5850057511416658
TLR1,-2.0889695,-0.88427603,0.03671046505302766,0.5334141816038414
KRT18,-2.0914156,-0.99872786,0.036490821236508444,0.5334141816038414
IL15RA,-2.0946772,-1.2271003,0.0361997054964438,0.5334141816038414
IL1B,-2.098754,-1.5099096,0.03583859684298786,0.5334141816038414
CD300A,-2.1060922,-0.94492996,0.03519634054210904,0.5334141816038414
IGHG1,-2.107723,-0.91766953,0.03505495869729439,0.5334141816038414
TYROBP,-2.1351736,-0.93143106,0.03274682795000749,0.5234034667342863
TNFRSF1B,-2.1561015,-1.0590963,0.031075748092739854,0.5051125834057206
CCR1,-2.1907544,-0.95311886,0.028469563769349546,0.4707295112897623
BCL2L1,-2.2593813,-0.961964,0.023859683667227415,0.40142871292756305
NR1H3,-2.2754169,-1.0741072,0.022880942593357777,0.39183614191125193
FGR,-2.306129,-2.063532,0.021103432114871153,0.3727590586711559
FCER1G,-2.309662,-0.997561,0.020906866732625883,0.3727590586711559
VCAN,-2.309934,-1.58733,0.020891812625044963,0.3727590586711559
NOTCH1,-2.3318129,-1.0184647,0.019710534515068073,0.37063534509706436
BAX,-2.3402383,-1.0566801,0.01927143468708173,0.3696261172982276
IFNGR1,-2.3430922,-0.9466171,0.019124657900000182,0.3696261172982276
VSIR,-2.3782887,-1.0932275,0.017393195921927177,0.3548952104069822
IL13RA1,-2.4028857,-0.9704829,0.01626626945904136,0.34665227580490365
EMP3,-2.457787,-1.0327487,0.013979602553809286,0.3046917920250706
IFITM3,-2.4626794,-0.93908066,0.013790320649483693,0.3046917920250706
ARF1,-2.504263,-1.1160334,0.012270678633223526,0.2870141660795454
MAPK14,-2.6078146,-1.2674857,0.009112230276931598,0.21846572088943508
IL10RB,-2.6553776,-1.2330555,0.007921967127542095,0.19479914039263768
CD52,-2.6723645,-1.3250477,0.0075318801399553385,0.19008086984782024
MT2A,-2.6909819,-1.1382704,0.007124204476195057,0.1846516781802989
RPL37,-2.7786338,-1.0284393,0.005458801085422982,0.14541639558112887
CYTOR,-2.8945518,-1.2857051,0.003797001796877573,0.10709778597663508
HCK,-2.9853294,-1.2321736,0.002832731384240238,0.08232089083292085
OAS3,-3.0277283,-1.4027158,0.0024639941134786203,0.0738428235883124
SOD2,-3.0353384,-1.2001296,0.0024026584773555663,0.0738428235883124
S100A6,-3.271659,-1.2318525,0.0010691845976430073,0.034558018146170814
ANXA2,-3.292451,-1.2924184,0.0009931826544068996,0.03401650591343631
CD55,-3.3652902,-2.5136132,0.0007646317803327658,0.028203149128427786
SRGN,-3.4114943,-1.3153782,0.0006460783683605441,0.024783566210310474
S100A8,-3.4778109,-4.197096,0.0005055265017980731,0.021078257183667484
COTL1,-3.7928143,-1.3878917,0.00014894960417722507,0.006861858510774065
ITGAX,-4.324977,-1.7740785,1.525478593862932e-05,0.000789176172138564
LTB,-5.2678127,-2.8916223,1.3805893536227836e-07,9.457037072316067e-06
SERPINA1,-6.1462345,-3.4354935,7.93440312981401e-10,1.268182100248606e-07
CD80,-6.4087825,-3.261462,1.4668634053179232e-10,2.8134440113997767e-08
S100A9,-8.779054,-3.544889,1.6485610933623745e-18,5.269900295115057e-16
TIMP1,-9.750291,-3.822825,1.839399611068345e-22,8.819921135072715e-20
S100A4,-10.815024,-3.6334982,2.9221555021822236e-27,2.8023471265927522e-24
