gene,avg_logFC,p_val_adj,gene_set,scores,p_val
ITIH2,29.117199,1.8722528294653136e-16,Other,8.469125,2.472430651814074e-17
LBP,28.258259,4.120671922458393e-07,Other,5.2696776,1.3666341355733984e-07
ITIH3,28.22381,1.8921618299946057e-07,Other,5.42024,5.951905922092967e-08
FGL1,27.355062,0.001479009687977,Other,3.3500094,0.0008080879545197
ASGR2,27.251797,0.0011408783397102,Other,3.4252906,0.0006141421707714
UGT2B15,26.911491,0.0069313827873179,Other,2.8606822,0.0042273050265396
BAAT,26.863428,0.0432318370948756,Other,2.1831522,0.0290246003076483
PAH,26.699429,0.0181763618653559,Other,2.5219173,0.0116717162381368
AADAC,26.51858,0.0049739374409117,Other,2.973604,0.0029432472558621
FGB,8.74608,2.092934288974985e-41,Other,13.775345,3.586681745219228e-43
CADM3,-8.733471,6.887556964459386e-42,Other,-13.864363,1.0414652668033343e-43
ALB,8.378665,4.776875456596735e-56,Other,16.160162,9.630797291525677e-59
ACKR1,-7.852329,1.4708299680148704e-19,Other,-9.29969,1.4085569250142407e-20
GC,7.3829203,1.2229164673869665e-15,Other,8.239161,1.734231436153329e-16
VTN,6.6179805,9.726918832471284e-24,Other,10.302523,6.863753208397074e-25
AMBP,5.918968,1.170713013052229e-12,Other,7.3407326,2.1242776446512222e-13
FGG,5.7582073,1.0674706420375725e-44,Other,14.336656,1.2912951314970631e-46
FGA,5.627371,6.116540493815396e-37,Other,12.985442,1.4798081839875954e-38
CASP14,-5.6187997,0.0001194569536625,Other,-4.0311112,5.551376576453895e-05
NEUROD1,-5.5926137,0.0001423289395456,Other,-3.987701,6.671669041204599e-05
SPRR2A,5.5685477,1.4968099898773538e-17,Other,8.771349,1.7653908146738948e-18
CHI3L1,-5.167539,5.6495146552685415e-46,Other,-14.558928,5.1255677315944417e-48
CPS1,5.100334,0.0011006568952934,Other,3.4365554,0.0005891621082669
CRP,5.083758,1.0117202304986397e-29,Other,11.588895,4.691444617231595e-31
IVL,4.9675765,0.0008191434039939,Other,3.5233757,0.0004260866899807
CPB2,4.938792,0.0008454610667848,Other,3.5129354,0.000443185236621
RND1,4.781088,0.0190605714913689,Other,2.5046082,0.0122587143261022
CYB5A,4.5269866,8.918498111964507e-67,Other,17.656992,8.990421483835188e-70
NXPH3,4.44109,0.0234081179800728,Other,2.428228,0.0151728022794222
SPRR2D,4.2092505,3.9852498970076255e-11,Other,6.83025,8.476690809159366e-12
TBX15,4.1804447,2.5404515226543705e-41,Other,13.757211,4.609690262880916e-43
RTN4RL2,-4.1148367,1.0178408591428897e-06,Other,-5.0894427,3.591172386088824e-07
MMP10,-4.0977054,1.7952856336622072e-11,Other,-6.9505897,3.6376251246583035e-12
RBP4,4.0805454,8.930376636338961e-07,Other,5.1158185,3.123831343558084e-07
ITIH4,4.074339,2.680672255952651e-10,Other,6.538467,6.21526833537409e-11
MMP1,-4.0363364,0.0084468075275396,EMT_hallmark,-2.7947426,0.0051941054352814
DAPL1,3.9727216,1.0799227093016866e-25,Other,10.741021,6.53179058045375e-27
ASGR1,3.9367266,0.0070480748069648,Other,2.8538136,0.0043197877849139
SLC26A7,3.8878703,7.836676674462791e-31,Other,11.81776,3.159950271960803e-32
ITGB3,-3.8839815,2.795356800701612e-30,EMT_hallmark,-11.704289,1.2116970003041262e-31
TGFB2,-3.85512,3.089678506175216e-12,Other,-7.2030835,5.886585057128185e-13
COL23A1,-3.7940452,1.6721911814056897e-11,Other,-6.9613047,3.371353188317923e-12
STMN2,-3.6957188,0.0055423112854759,Other,-2.9376118,0.003307508347784
IFITM1,-3.6803322,3.781350715210488e-55,Other,-15.988994,1.524738191617132e-57
TREM1,-3.642409,0.0096211128208491,Other,-2.7507827,0.0059453045959481
CYP24A1,-3.6049178,2.6349169698298447e-17,Other,-8.704585,3.1873995602780377e-18
CLCNKA,-3.5953212,0.0121164135386363,Other,-2.6700068,0.0075849725881987
ORM1,3.5746045,2.440435855909054e-27,Other,11.096546,1.3038618988223774e-28
TOP2A,3.5329194,7.523516990347416e-40,Other,13.502244,1.5168381028926238e-41
FAT2,-3.5298078,1.7260575921035632e-10,Other,-6.6066046,3.9323489497520695e-11
ADAM23,3.4968696,2.214556081870956e-44,Other,14.280333,2.9021400266454063e-46
PRR9,3.455441,2.121711728288258e-14,Other,7.87924,3.2937863523829813e-15
SERPINE1,-3.4366097,6.847067704483565e-31,EMT_hallmark,-11.8312235,2.69189153704495e-32
PLA2G4D,3.3793979,1.1225490117936528e-14,Other,7.9616647,1.697402739607338e-15
SERPINA3,-3.3667967,2.4360024564264776e-35,Other,-12.677724,7.858072440085413e-37
AZGP1,3.356008,6.726184473917602e-10,Other,6.3923006,1.63408312319974e-10
SLURP2,3.2474267,3.887881589143418e-05,Other,4.3009143,1.7009481952502456e-05
HILPDA,-3.2304413,7.844362041291174e-46,Other,-14.529255,7.907623025495134e-48
DSG4,3.2208169,0.0026442604463183,Other,3.1760936,0.0014927276713087
RRM2,3.212797,6.477375836369926e-26,Other,10.789652,3.85247151558292e-27
TAC1,-3.1912255,9.553913476105325e-16,Other,-8.27268,1.3098107184983106e-16
IGFBP3,-3.183323,1.5338921492827582e-38,EMT_hallmark,-13.271181,3.401776943973859e-40
MKX,3.1658208,1.4188702839503163e-35,Other,12.722507,4.433969637344738e-37
VEGFA,-3.1452017,1.7565712600143383e-47,EMT_hallmark,-14.821587,1.062442294363511e-49
DKK4,3.1410885,7.383342742789469e-45,Other,14.368252,8.187174412367355e-47
NUSAP1,3.1134193,9.132069420926275e-25,Other,10.536058,5.891657690920177e-26
COL27A1,-3.1091087,1.1115398347046786e-20,Other,-9.577187,9.972484404104477e-22
IL4I1,-3.1016805,4.951061320392535e-12,Other,-7.134946,9.682519114477337e-13
IL1RN,3.0795255,6.780893389038281e-09,Other,6.0120487,1.8319349075224382e-09
ADAMTS8,3.0617363,5.321788461276264e-14,Other,7.7594495,8.529882715150463e-15
DKK1,3.0517657,1.831200208788656e-36,EMT_hallmark,12.89505,4.79951667626059e-38
IKZF3,3.000245,5.849443235748189e-33,Other,12.235654,2.004849496123371e-34
IGFN1,2.9969406,0.0015529566704558,Other,3.3354478,0.0008516213999273
ADGRB1,-2.9904351,5.784082092822686e-09,Other,-6.038974,1.5509736256964054e-09
CLIC5,2.9030654,9.7891776301981e-28,Other,11.183091,4.9340613055433965e-29
PI3,2.8882666,3.135134708873561e-07,Other,5.322979,1.0208150312158874e-07
S100A14,2.8862596,2.021379507605697e-20,Other,9.512895,1.854289669275388e-21
PTGDS,-2.878006,5.057141770550746e-47,Other,-14.739986,3.568547620348308e-49
KRT5,2.8764744,8.787456662769256e-41,Other,13.663247,1.683081417264273e-42
CCN4,-2.8465087,0.0151459738898497,Other,-2.5908792,0.0095731105130401
LCN15,2.7631145,7.7168583259839875e-25,Other,10.553368,4.9008273642841855e-26
EPHB2,-2.7630007,0.0030016347838545,Other,-3.13653,0.00170960045653
ENO2,-2.7511446,2.122677400975388e-21,EMT_hallmark,-9.753849,1.7760304867031973e-22
CP,-2.746041,1.6535120379168848e-46,Other,-14.650694,1.3334774499329715e-48
DDIT4L,-2.704043,3.598725974676515e-12,Other,-7.1813784,6.901201311847973e-13
CCNB1,2.6914976,2.202128123115647e-21,Other,9.748904,1.8647052655414752e-22
CH25H,2.6797936,0.0001503506338164,Other,3.9731393,7.093154901823071e-05
SLITRK2,-2.6675224,4.819493530866166e-05,Other,-4.2489867,2.1473953030673844e-05
ASRGL1,2.6655326,8.67855962983415e-43,Other,14.017123,1.2247967219524e-44
TSPAN7,2.6640258,1.5725262784961099e-16,Other,8.493029,2.0132140863811085e-17
FGF4,2.615773,1.7056712095239094e-16,Other,8.481764,2.218060343030084e-17
MKI67,2.592777,3.5856590755782136e-21,Other,9.698075,3.0723893288724607e-22
EGLN3,-2.5825639,2.5510403745565585e-24,Other,-10.43605,1.697264765329968e-25
G0S2,-2.5801065,3.721492264891813e-13,Other,-7.500087,6.377557308786372e-14
KLK11,2.5795543,1.3952108278830169e-27,Other,11.149847,7.172958893350186e-29
MT1H,2.558637,0.0270265577009717,Other,2.3710802,0.0177361784912627
AURKB,2.5395901,1.9572286586797908e-11,Other,6.9363027,4.0249460319624736e-12
NUF2,2.5294344,1.2229164673869665e-15,Other,8.238886,1.7382179627173615e-16
HABP2,2.5212486,0.0195540565993872,Other,2.4944425,0.0126155203867014
PCLAF,2.520117,1.570611264878008e-23,Other,10.253617,1.1399597890243608e-24
KRT23,2.5196683,1.185814165222754e-25,Other,10.730855,7.291800814373789e-27
CENPU,2.516861,3.02128346179144e-09,Other,6.147774,7.857773519578542e-10
CCL2,-2.5164242,0.000382627494142,Other,-3.7332838,0.0001889994678726
KIF11,2.5163999,3.3364846916887043e-22,Other,9.94535,2.64245556902591e-23
AGT,2.4865901,7.888048160499826e-07,Other,5.1413703,2.727419878076049e-07
TMEM72,2.465943,3.271850476641501e-13,Other,7.5187697,5.5294071319367626e-14
LCN2,-2.4595463,4.61234726698522e-25,Other,-10.603097,2.8827170418657633e-26
DNAH11,-2.4484372,1.2208154057576616e-18,Other,-9.063131,1.2675805120266041e-19
IFI27,2.441,2.7946153143223084e-07,Other,5.3444095,9.071231161409105e-08
NLRP2,-2.4210055,0.0049690596422048,Other,-2.9744282,0.0029353517644476
NDC80,2.418171,2.3937197934559516e-08,Other,5.793898,6.877118358215183e-09
CA12,-2.4099958,3.8372828888253184e-17,Other,-8.660899,4.680556749474431e-18
MMP7,-2.4069808,1.0075681685634112e-55,Other,-16.089003,3.047081154929671e-58
FTCD,2.3964746,0.0098338584857458,Other,2.7425404,0.0060965957346105
PALM3,2.3838904,8.1563116497596545e-22,Other,9.85166,6.742112452422294e-23
MGP,-2.3804822,4.578933935340606e-11,EMT_hallmark,-6.80827,9.877942158900095e-12
PRELP,-2.3733935,7.158928238217454e-05,Other,-4.1563964,3.233064365646592e-05
UBE2C,2.3321478,3.996083797306185e-22,Other,9.925568,3.22264822363402e-23
ZWINT,2.3285818,2.2539524363669587e-26,Other,10.889385,1.2951137991221435e-27
DACT2,2.3265414,2.96961675824192e-19,Other,9.219189,2.993565280485806e-20
HOXD3,2.3201416,2.9926930264641687e-28,Other,11.291343,1.448077270869759e-29
TMEM273,2.3153925,7.517361612424929e-11,Other,6.7318897,1.6747347947035378e-11
ASF1B,2.313852,9.142529768810965e-10,Other,6.343945,2.2395511429647829e-10
GPT2,2.3057008,2.048190780097124e-31,Other,11.934255,7.845892101178499e-33
TNFAIP2,-2.301708,6.384806718353603e-07,Other,-5.183132,2.181904715243822e-07
TNFSF14,2.2947285,0.00281497166482,Other,3.1568613,0.0015947722536581
CNFN,2.2722158,3.6178620527911795e-09,Other,6.117277,9.51877011873486e-10
PEG10,2.2438157,1.85124594785477e-27,Other,11.122922,9.704111823432261e-29
BSX,2.2428727,0.0037368780019422,Other,3.066469,0.0021660331160451
PARM1,2.2380984,4.176144816415136e-06,Other,4.7957363,1.620782010403052e-06
LRRTM1,2.2237256,9.823573477144334e-19,Other,9.087859,1.0100851760773408e-19
FGF20,2.2225068,7.559158394259569e-14,Other,7.711643,1.2420794538954734e-14
TMEM35A,2.214915,0.0001408300735142,Other,3.9907231,6.587213115988407e-05
NDRG1,-2.210129,4.940666561010015e-18,Other,-8.902129,5.478561710797396e-19
FMO5,2.1973698,7.65955063515442e-06,Other,4.667429,3.049921875893141e-06
ILDR2,2.1780484,1.6541770145224677e-12,Other,7.2921023,3.0515563876775364e-13
ZIC2,-2.1652708,1.7622449238840892e-05,Other,-4.4806,7.443353055518481e-06
LYPD1,-2.1641192,7.977304453769397e-18,Other,-8.845805,9.087050436249413e-19
FOXJ1,2.1544683,5.5852587264571406e-11,Other,6.7769485,1.227405647548041e-11
SLC2A12,2.1496935,1.5825360314781812e-16,Other,8.49138,2.041981976100879e-17
SULT2B1,2.1431072,6.869613693040984e-14,Other,7.726205,1.1080022085549975e-14
SBSPON,2.1238825,2.9634517795681414e-36,Other,12.849442,8.663316694302026e-38
SGO2,2.0775983,0.0008305992291427,Other,3.5181556,0.0004345574596019
CKB,2.0773222,2.27356247176542e-22,Other,9.985462,1.7647611928017879e-23
KIT,2.060481,2.7602819183298764e-11,Other,6.886848,5.704211625580894e-12
MT1G,2.0600672,7.120195704239927e-10,Other,6.382959,1.7369832262359498e-10
DOK4,-2.054251,8.341869517196541e-13,Other,-7.3874397,1.4968273932066377e-13
PAX2,2.0378995,2.1371363988342048e-19,Other,9.257653,2.0897402286987687e-20
SPP1,-2.0318532,1.7405830610636942e-22,EMT_hallmark,-10.013212,1.3335112161375078e-23
AKAP12,-2.0317519,6.722449853373242e-07,Other,-5.1729665,2.3040654739384094e-07
UBD,2.024158,0.0002266813162552,Other,3.8706582,0.0001085419609085
CENPF,2.0204449,2.612379842266621e-17,Other,8.706508,3.1338024317512895e-18
KIF18B,2.0083735,5.431667410352566e-12,Other,7.1214833,1.067716880059224e-12
GGH,2.0070436,3.9675252866670986e-39,Other,13.375586,8.398995062500913e-41
ADM,-2.0044825,2.2931097855577184e-10,Other,-6.5637436,5.2473379165484086e-11
TFF3,-2.0001915,9.629413224429025e-09,Other,-5.951329,2.6597371204572094e-09
GABRP,1.9998606,0.0035705976560113,Other,3.0821297,0.0020552532878855
REC8,1.9718722,1.122363660884509e-24,Other,10.515178,7.354197374747287e-26
COLGALT2,1.971189,1.7315126703708686e-07,Other,5.437824,5.3935223300866766e-08
CCNA2,1.9671133,3.863902929454272e-12,Other,7.1703887,7.478521798943751e-13
CDH5,-1.956179,0.0002293195458453,Other,-3.8668115,0.0001102675638792
KPNA2,1.9498856,2.0693352527136624e-30,Other,11.731765,8.761298448989295e-32
PERP,1.9310614,5.3352231175131445e-33,Other,12.245544,1.774822206430784e-34
AFAP1L2,-1.9293039,3.221302159335564e-07,Other,-5.317484,1.0521188504281478e-07
BRIP1,1.9253002,3.9468912929515796e-10,Other,6.4777474,9.310207283776912e-11
CASZ1,1.9220933,8.144255111906319e-18,Other,8.842508,9.359325431021374e-19
MSX2,1.9131454,3.3521307844462287e-32,Other,12.088388,1.2164990750006477e-33
SLC1A5,1.9046038,1.619392213764598e-20,Other,9.537073,1.4692066455525588e-21
CST1,1.9033293,1.938623702319203e-16,Other,8.46418,2.5796202490537784e-17
PTGS2,-1.8757857,7.901020137444042e-08,Other,-5.582891,2.365527198408145e-08
ANGPTL4,-1.8737366,1.7731539472514042e-08,Other,-5.8458257,5.040619083920323e-09
KANK1,1.8728971,6.193947542985452e-22,Other,9.880508,5.0575579736070723e-23
BICC1,-1.868491,0.0352393880366076,Other,-2.2666757,0.0234100370122222
HMOX1,-1.8680503,0.0009951459083953,Other,-3.467327,0.0005256617499991
CDCA7,1.8652418,4.951325642412382e-30,Other,11.653736,2.196152502682912e-31
CLCN5,1.8558003,1.7170865470583585e-14,Other,7.9080887,2.6137103690102028e-15
KIF20B,1.8492829,4.265666310375917e-11,Other,6.8198094,9.116141711690468e-12
ATP1A2,-1.8400444,8.854922602618261e-24,Other,-10.314337,6.0699066227625165e-25
ALCAM,1.8285137,8.456294165222757e-29,Other,11.403715,4.006510340377718e-30
TSPAN1,-1.827983,4.666764449560613e-13,Other,-7.4695897,8.044523395915976e-14
ODC1,1.8099428,1.2539960633843569e-23,Other,10.276696,8.975173437529167e-25
MAL,1.8089461,4.42516561973316e-20,Other,9.429921,4.103984244107367e-21
CXCL8,-1.803097,0.0057337208384483,EMT_hallmark,-2.9249735,0.0034448564714871
SIX1,-1.8017478,0.0455637300524432,Other,-2.1611724,0.0306820278982178
GPRC5A,-1.8004065,9.65183654508025e-10,Other,-6.3343287,2.3837701144603447e-10
RHEX,-1.7975404,0.0003390441574097,Other,-3.7651546,0.0001664460732444
MYH7B,1.7795085,1.9063272945323701e-07,Other,5.4172177,6.053357840500974e-08
HOXD1,1.772823,7.746432849000614e-17,Other,8.577651,9.683041061250769e-18
WNT11,-1.7626207,0.0231267787763749,Other,-2.4331734,0.0149671290064846
FNDC3A,1.7620592,2.230640598872909e-36,Other,12.876917,6.071300017093605e-38
PLCH2,1.7548093,2.355709333188685e-10,Other,6.559073,5.4143319351514127e-11
SH3D21,-1.748367,3.057736905728267e-05,Other,-4.355864,1.3254303119588253e-05
DLL4,1.7297983,0.0181056513629791,Other,2.5238404,0.0116080587367487
PDZK1IP1,-1.7286718,3.5904447740265014e-14,Other,-7.8100033,5.7186519586309204e-15
ANLN,1.728335,1.1386357548888841e-08,Other,5.9202824,3.213891243637979e-09
SERPINI1,1.7267176,0.0006682970476625,Other,3.5805235,0.000342906448851
BRCA1,1.7210952,1.2774905949389054e-09,Other,6.2884455,3.2066044167317287e-10
SKA3,1.7197453,1.5133652923921635e-05,Other,4.516042,6.300603485463342e-06
DPEP1,1.6956643,0.0070109977914529,Other,2.8562863,0.0042862847340305
RCN2,1.6914473,4.951113666302352e-48,Other,14.918573,2.4955210011604595e-50
CACNG5,1.6869055,1.551937191559909e-07,Other,5.4578805,4.8185146673432656e-08
LRRC61,1.6865653,1.9772229950682833e-14,Other,7.8896804,3.029615879540111e-15
IGSF8,1.676951,6.357532645717273e-36,Other,12.787623,1.9226409210838527e-37
SSTR2,-1.673308,0.0056024710674297,Other,-2.9332159,0.003354705457715
NCAPD2,1.6705873,3.598725974676515e-12,Other,7.180829,6.928998600435628e-13
SLC16A12,1.6683412,1.0687647368295095e-20,Other,9.582406,9.480977504132749e-22
SLPI,-1.667708,2.588006175446449e-36,Other,-12.86263,7.30485614037304e-38
PFKFB3,-1.6586695,1.3662149655048265e-06,Other,-5.028998,4.930493524704917e-07
TPD52L1,1.6556367,3.3364846916887043e-22,Other,9.944799,2.657079542776286e-23
SCX,1.6555955,7.081126870872869e-18,Other,8.860092,7.994820660662915e-19
IDO1,-1.6555296,2.104620981660994e-12,Other,-7.2588577,3.903732465984102e-13
MPP1,1.6473535,3.1901434659184735e-10,Other,6.5104423,7.492978100393189e-11
SOX17,1.6469316,5.590574680051739e-28,Other,11.234469,2.7614733802674925e-29
CIP2A,1.6454929,1.6937512181137781e-09,Other,6.242013,4.3197485703909857e-10
TMED3,1.6444464,1.2972771199973966e-30,Other,11.773252,5.361730032247303e-32
MOXD1,1.637533,4.9246436722418186e-18,Other,8.903502,5.411150809217321e-19
PITPNC1,1.6281472,1.9198965435031543e-26,Other,10.905596,1.083812564880813e-27
VAV3,1.625237,4.164720416429524e-21,Other,9.681591,3.610543909404628e-22
KLHL8,1.624072,1.4914019984001065e-17,Other,8.772722,1.743978143290447e-18
MT4,1.6140348,8.75139204264246e-11,Other,6.7090855,1.958476848252648e-11
NCOA7,-1.6111107,1.97928420110258e-18,Other,-9.008182,2.0950084789896258e-19
ENPP3,1.6110343,0.0001183053702942,Other,4.034408,5.474008565028165e-05
MANSC1,1.6072985,2.693413360217011e-19,Other,9.230728,2.6879830913456055e-20
C6orf15,1.6049342,0.0015512108535232,Other,3.336272,0.0008491002958297
TPH1,-1.6046169,5.525495537474629e-06,Other,-4.737215,2.166751778304063e-06
RNASET2,-1.6022655,1.0737561790399064e-41,Other,-13.827822,1.731864804903075e-43
COLCA2,1.6012654,4.520317599429978e-07,Other,5.2515445,1.5082914570678658e-07
HOXD4,1.600845,5.2139602870188885e-30,Other,11.647417,2.365203759232359e-31
TNNT2,1.5994842,2.884012978874042e-06,Other,4.8751388,1.0873194093738828e-06
DIPK1B,1.5955944,2.7202993056089265e-18,Other,8.97219,2.9067714354288934e-19
PDK1,-1.594635,1.298142265011403e-05,Other,-4.5520344,5.312961286236186e-06
SUSD4,-1.5925429,0.0001155305929492,Other,-4.0410023,5.322326711474142e-05
KRT80,1.5925082,1.111237250612832e-07,Other,5.5180507,3.4278084545113563e-08
EPHX1,1.5893469,2.827306560666538e-27,Other,11.081709,1.5390580068144459e-28
KIF23,1.5857301,2.697101627468963e-06,Other,4.8888764,1.0141319627479064e-06
LRRN2,-1.5854659,0.0001492876967298,Other,-3.9753373,7.027959110165808e-05
STRIP2,1.5847595,0.0062027153185141,Other,2.8983228,0.0037516423297464
GPR160,1.5812274,5.2864318627608166e-23,Other,10.133002,3.94350763955948e-24
LY6E,1.5794345,8.138896196845374e-27,Other,10.984998,4.512492851073544e-28
CSTB,-1.5700548,7.086207135514769e-24,Other,-10.337141,4.78604715805937e-25
IGFBPL1,1.5687943,0.0003233162456853,Other,3.7775183,0.000158398886495
PLVAP,1.5669901,0.0004412406305001,Other,3.692621,0.0002219547123181
CERS4,1.557004,1.8032095711645205e-19,Other,9.276886,1.745041520481794e-20
FBN2,1.5567253,2.8598709866179565e-14,EMT_hallmark,7.8402257,4.497377761213722e-15
CLEC14A,1.5452417,0.0266696469141678,Other,2.3771248,0.0174481863379989
BSPRY,1.5426877,3.2812499936291013e-18,Other,8.950484,3.5392515052249384e-19
ARHGEF19,1.5401069,2.9667813482138246e-10,Other,6.5219817,6.93844024985491e-11
DMBX1,-1.5346718,0.0265930868929152,Other,-2.3793228,0.0173444830843912
FAM169A,1.5296463,2.207810979980892e-07,Other,5.3891935,7.077458585019393e-08
CD24,-1.5283034,6.825808467918991e-20,Other,-9.383214,6.399195438674054e-21
SEMA6A,1.5271968,1.0604311816534766e-10,Other,6.6796875,2.3945220230884955e-11
RBP1,1.5251504,7.157125202994387e-19,Other,9.1233015,7.286992394177752e-20
AREG,1.5184106,0.0010211600037615,EMT_hallmark,3.4593594,0.0005414618568332
LSM4,1.5078849,1.6515698242323066e-18,Other,9.029062,1.7314844931467732e-19
FGF9,-1.4987904,0.0492425783411581,Other,-2.126554,0.0334571550422788
TMEM97,1.4945184,1.2573832402435202e-13,Other,7.6448793,2.0914136556469844e-14
ADGRG2,1.4912316,0.0005928856808402,Other,3.6132185,0.0003024195105898
KRT31,1.490146,0.0003825739883875,Other,3.7338333,0.0001885873793563
RASD1,-1.4797746,7.080628368568056e-17,Other,-8.588916,8.779408158607571e-18
CENPX,1.4715161,8.393872611424205e-17,Other,8.567485,1.05769564156051e-17
MPPED2,1.4684489,1.0449663511458962e-12,Other,7.356668,1.885574363458825e-13
STXBP6,1.4667814,6.969981470357572e-17,Other,8.591663,8.571953017980078e-18
C12orf45,1.4659958,9.750143504269765e-16,Other,8.269382,1.3465419960533842e-16
SMAD9,1.4649616,5.085486141308669e-10,Other,6.43681,1.2201065540639748e-10
C19orf33,1.462729,8.519414053403278e-09,Other,5.9719353,2.344556488486991e-09
HOXD11,1.4511478,2.3070825285600887e-32,Other,12.121358,8.139908114879346e-34
B4GALNT4,-1.442018,4.283974572156462e-05,Other,-4.2778354,1.887194443581022e-05
S100A8,1.4408803,1.5254494324060983e-05,Other,4.5138445,6.366290977985129e-06
NSG1,1.4343061,7.55684325402426e-14,Other,7.7124677,1.2340812572096071e-14
SELENBP1,1.4263234,5.5959571146544826e-18,Other,8.887293,6.261605239179914e-19
BIN1,1.4230076,1.1113208055390089e-15,Other,8.252898,1.5459906367377341e-16
NRN1,-1.4229231,1.1457014990882732e-09,Other,-6.306579,2.8527043374476155e-10
NFE2L3,1.422708,2.9667813482138246e-10,Other,6.5225315,6.913059834799847e-11
AP1S2,1.4057795,2.693413360217011e-19,Other,9.231003,2.6810965242991142e-20
CERS6,1.3936207,1.3649218356594697e-19,Other,9.308757,1.293373513628933e-20
MIOS,1.3930968,4.001255965422986e-12,Other,7.1648936,7.784701626276576e-13
GJB2,-1.3926269,0.0014640053015405,Other,-3.3538558,0.0007969383697902
PTRHD1,1.3906888,2.0662800856809305e-14,Other,7.8833613,3.1869037611812737e-15
PACC1,1.3880737,1.4034818813788752e-09,Other,6.27251,3.5527326608174485e-10
SMYD2,1.3879738,6.469124321931789e-37,Other,12.9780245,1.6303236698416804e-38
PADI2,1.381748,5.340290518783491e-11,Other,6.784092,1.1681885509838888e-11
SLC2A1,-1.3728971,7.699215553994698e-13,Other,-7.400353,1.3582285503518874e-13
PODXL2,1.3612067,1.8370173870920016e-15,Other,8.18586,2.703674783421696e-16
SSR2,1.3592726,2.2310487766735143e-37,Other,13.065669,5.1727945426906077e-39
CCNO,1.3501451,3.945697139869906e-07,Other,5.278195,1.3046256672150498e-07
PFKP,-1.3498762,1.1238107845385454e-15,Other,-8.2507,1.5746945468836471e-16
GRB7,1.3487653,2.593961035364408e-16,Other,8.429287,3.477790501043007e-17
MCM4,1.3466772,3.721492264891813e-13,Other,7.500636,6.350876698826651e-14
NOTUM,1.3420186,1.795459387079331e-16,Other,8.474895,2.352920567745091e-17
IRS1,-1.340278,9.91917133225281e-09,Other,-5.9452844,2.759769443247757e-09
AQP5,-1.3350594,8.757321677435208e-08,Other,-5.560911,2.6836953527624025e-08
C1QL1,-1.3258699,0.0005310366307014,Other,-3.6437156,0.0002687302304557
MARCKSL1,1.3214811,2.5677249742899307e-26,Other,10.875922,1.5012908115808065e-27
NRCAM,1.3197701,6.821147104033638e-16,Other,8.313618,9.282811079078033e-17
SP5,1.3177729,1.1703041102348683e-16,Other,8.528196,1.48647497872574e-17
SEPHS1,1.3172569,3.740766214725476e-11,Other,6.84069,7.881251399976054e-12
TRDC,1.3148866,2.6027932226099442e-17,Other,8.707882,3.096064518830377e-18
IQGAP3,1.312909,1.1881444087561629e-06,Other,5.0583963,4.227973551319813e-07
AHNAK2,-1.3122227,0.0002464955216349,Other,-3.8481286,0.0001190235432087
FABP4,-1.3085755,0.0036989091674754,Other,-3.0700407,0.0021402962319867
STOX1,1.2987413,0.0105475743772073,Other,2.718912,0.0065497034439109
ADGRL3,-1.2969605,0.000421499216081,Other,-3.7052593,0.0002111745064438
FGF3,1.2963281,0.0001183247226415,Other,4.033859,5.486831896685319e-05
TOP2B,1.2940795,9.726918832471284e-24,Other,10.302797,6.844172624561658e-25
SCUBE2,1.2850822,4.59025257120875e-06,Other,4.7762294,1.7861265045227597e-06
TACC2,1.2787647,8.927944377373175e-11,Other,6.705514,2.006987496123204e-11
C5,1.2783262,0.0010718272992843,Other,3.4442482,0.0005726496659483
TSPAN11,1.2768276,1.3592170072171003e-05,Other,4.5413194,5.590328013554204e-06
SCPEP1,1.2745591,3.271850476641501e-13,Other,7.518495,5.5410370975380254e-14
C4BPA,-1.2738956,7.857598727482826e-06,Other,-4.6616592,3.136702717825805e-06
C21orf58,1.2657484,3.4079148889999506e-06,Other,4.839971,1.2985804718165134e-06
S100A6,-1.2615169,1.2318005866572401e-22,Other,-10.048655,9.313008467670666e-24
EIPR1,1.2568198,1.0621830319174705e-08,Other,5.9334702,2.965974796785678e-09
ABRACL,1.255337,4.576653446259594e-16,Other,8.361698,6.182173002003886e-17
SAA1,1.2531213,2.528659691868889e-06,Other,4.9026136,9.456983323420944e-07
GADD45A,1.2528709,8.565128344545842e-12,EMT_hallmark,7.0577416,1.692303584204622e-12
TOMM34,1.2514474,1.1386357548888841e-08,Other,5.920832,3.2031700303063382e-09
ZNF750,1.2512221,0.0001320781749285,Other,4.006933,6.151221453323742e-05
SEMA5A,-1.2493243,5.3712009085061e-13,Other,-7.449533,9.367114487616485e-14
PIGR,1.2485645,0.0033017498166998,Other,3.107956,0.0018838612865444
SOX4,1.2416656,5.526556923588998e-32,Other,12.044978,2.0613165944838e-33
C1orf116,1.237407,1.421427283693224e-05,Other,4.530329,5.889179572559628e-06
POLA2,1.2310319,6.56654289452969e-08,Other,5.6161356,1.952752171256309e-08
EN2,1.22569,7.727722123614004e-09,Other,5.98842,2.118891550023194e-09
ERMP1,1.2212701,7.767143179927189e-13,Other,7.39843,1.3780415319225657e-13
ERO1A,-1.2202226,9.9122168378454e-15,Other,-7.9786987,1.4788388024204832e-15
ZDHHC2,1.2090169,1.7796444324325274e-13,Other,7.5992713,2.978034030078624e-14
CDK18,-1.2027339,8.350808007550455e-07,Other,-5.129556,2.90426286552914e-07
FGGY,1.1997828,0.0003061894102519,Other,3.79208,0.0001493908009696
CDH6,-1.1940448,0.0054783429404281,EMT_hallmark,-2.9417331,0.00326381116713
HOXA7,-1.1928872,3.457415087769935e-07,Other,-5.303472,1.1362069744082649e-07
E2F7,1.1886697,0.0484466724510729,Other,2.1336975,0.0328675509673105
CITED2,1.1859547,2.847000799588332e-14,Other,7.8415995,4.4484387493567695e-15
FAM20A,-1.1746113,9.534549664490916e-07,Other,-5.1029053,3.344781535527056e-07
TRDJ1,1.1724643,1.1912189754735363e-11,Other,7.0110345,2.3656263928254706e-12
SMS,1.1644491,4.99113610220465e-13,Other,7.4599733,8.653985983661286e-14
FAN1,1.1620903,7.727722123614004e-09,Other,5.98897,2.111745997591086e-09
KIF22,1.1588672,2.397353496337236e-06,Other,4.913604,8.941741871419125e-07
SORCS3,1.1584909,0.0014278868576846,Other,3.3612742,0.0007758377180362
TMEM9,1.1446784,2.603287119090507e-23,Other,10.203338,1.9157254001371674e-24
DECR1,1.1440613,2.6516431493226207e-12,Other,7.2253385,4.998561178662599e-13
FZD3,1.1431615,8.731057362700034e-08,Other,5.5620103,2.6668451420343848e-08
GOLT1A,1.1422919,1.1493471488679132e-06,Other,5.0652647,4.078328592757112e-07
GDA,-1.1415974,3.587460453616658e-06,Other,-4.8287063,1.3742288027967035e-06
ANOS1,1.1401067,1.2972935829217318e-06,Other,5.039988,4.655610035485247e-07
LYPD3,1.1384865,0.0003908087620509,Other,3.726415,0.0001942224996886
SAMM50,1.13458,2.1799858248404267e-12,Other,7.2533627,4.0654977580189414e-13
PPM1H,1.1322898,9.905267880417453e-09,Other,5.946109,2.745915995075403e-09
GJA1,1.129097,2.698417606271463e-15,EMT_hallmark,8.138602,3.9986631867127533e-16
SLC6A14,1.1270442,0.0004233971406247,Other,3.703611,0.0002125521935797
FAM171B,1.1259222,6.782010647774439e-13,Other,7.417937,1.1895865450733392e-13
CRISPLD1,1.1242931,7.956222643168914e-06,Other,4.657538,3.200133905871368e-06
ATPAF1,1.1229073,4.910540668974491e-10,Other,6.4434037,1.1682334656028026e-10
AP1M2,1.1156291,4.952198898892121e-10,Other,6.4414806,1.1831362288683798e-10
MAPK15,-1.1130463,5.757091303610954e-06,Other,-4.727324,2.2749796280398123e-06
ZRANB3,1.1101215,5.309541639112591e-05,Other,4.2267323,2.3710957118214496e-05
LRRC75B,1.1090615,3.556701429455637e-08,Other,5.724112,1.0397615065948941e-08
BCAS3,1.1034546,1.8626593227403817e-08,Other,5.8370337,5.313836575962984e-09
HOXD9,1.1034037,7.18955477456762e-14,Other,7.719611,1.1668531438562367e-14
UGGT1,1.0974225,1.4234438857637469e-11,Other,6.9846587,2.8554973111591295e-12
LRATD1,1.0937895,2.3514792265086187e-12,Other,7.2423725,4.4090235497036605e-13
SAA2,1.0896018,1.7671245546786433e-05,Other,4.479501,7.481777348437804e-06
CFB,-1.0892601,1.4923689007522562e-15,Other,-8.213334,2.15129791136666e-16
PPARG,1.0890533,7.244044877544769e-11,Other,6.737934,1.6065422107458157e-11
APCDD1,1.086809,1.619728372909097e-12,Other,7.295674,2.9716790712646737e-13
KLHDC9,1.084154,1.4907278543517605e-08,Other,5.8752236,4.2227270874278695e-09
TKFC,1.0768818,4.257523885406807e-10,Other,6.465658,1.0085868075308463e-10
ETS2,1.0768534,1.8144467737571004e-11,Other,6.9483914,3.694740406239257e-12
TGM2,-1.0765474,6.885527107325017e-08,EMT_hallmark,-5.6073437,2.0545524433147233e-08
RNF144B,1.0759133,1.0134648109738268e-14,Other,7.975127,1.5222404922893165e-15
RAB25,1.0742837,1.4823759727221649e-15,Other,8.214983,2.1219494770821318e-16
FRAS1,1.0701613,3.0800630991491935e-08,Other,5.749664,8.942118674949272e-09
ANKZF1,-1.0696384,1.8784406522949666e-07,Other,-5.422713,5.8701270384217716e-08
HHAT,1.0640337,5.980606090431455e-08,Other,5.633445,1.7664491779197744e-08
EMID1,1.0635507,6.01937202745545e-10,Other,6.4098845,1.456299684061803e-10
SAPCD2,1.0621507,6.53672277573224e-08,Other,5.6175094,1.9372948549045146e-08
TMEM238,1.0619175,2.9642986062060097e-11,Other,6.8753085,6.1855827770629436e-12
SPON1,1.0609794,1.961734196250338e-09,Other,6.2183847,5.022988768624856e-10
EPPK1,1.0595785,5.958025576142331e-10,Other,6.4120827,1.4354517265100982e-10
DHX9,1.0592159,3.8389424546338196e-11,Other,6.836294,8.126793502753047e-12
GSTZ1,1.0565828,4.084926692952949e-06,Other,4.800682,1.581261945659206e-06
SRD5A3,1.0484209,2.509419959572839e-08,Other,5.785381,7.234819641510401e-09
NENF,1.0476362,7.759628887190724e-14,Other,7.707522,1.2828418724791112e-14
EFHD1,1.0474874,3.874361849956546e-09,Other,6.1057377,1.0232689563393296e-09
HIST1H4E,1.0418289,3.7273968455089286e-18,Other,8.935373,4.058053017287946e-19
NCMAP,1.0382466,1.935465219971683e-07,Other,5.413646,6.17541669541977e-08
ITGA6,1.0374045,4.636046369239725e-09,Other,6.0757904,1.2337865337492815e-09
PRAME,1.036054,1.296080000616244e-17,Other,8.789482,1.5025120974885891e-18
PHYHD1,1.0316364,3.448653858575956e-09,Other,6.1255198,9.038810516428918e-10
UBE2E3,1.0200626,3.4215875554989417e-14,Other,7.816872,5.41521417553764e-15
SH3YL1,1.0191684,1.9572286586797908e-11,Other,6.9368525,4.009328016380104e-12
IL17RD,1.0188005,6.036825700088666e-07,Other,5.1949463,2.047790358068951e-07
MTFR1,1.0169259,3.410815352797525e-08,Other,5.731805,9.93675037256537e-09
CXCL14,-1.0146264,2.2886357183735087e-06,Other,-4.9232197,8.513171170159522e-07
CES3,1.0144187,3.4524212340898765e-07,Other,5.304296,1.1310855857653328e-07
ERVMER34-1,1.0143968,6.822066824859754e-07,Other,5.169669,2.345085471045541e-07
NET1,1.012351,1.6577710316215258e-15,Other,8.199871,2.406441820095764e-16
RFX5,1.0110464,1.5509070756604539e-10,Other,6.6230893,3.517682379270183e-11
TMX4,1.006644,5.7751098405916986e-11,Other,6.7714534,1.2749486442435304e-11
SLC20A2,1.0041213,6.0230699057336995e-09,Other,6.0318303,1.6211286943859855e-09
IGSF9,0.99704283,4.642337279739499e-09,Other,6.074966,1.240140503156217e-09
ERP29,0.9963023,5.4278112755287115e-21,Other,9.653292,4.760278033981836e-22
DDIT4,-0.9878412,1.389953616885895e-09,Other,-6.2747083,3.5029073006196956e-10
SVBP,0.98612356,8.721677206591131e-08,Other,5.5639334,2.6376039939287696e-08
PDE7A,-0.97989815,1.8921618299946057e-07,Other,-5.4196906,5.970228354720885e-08
SMPDL3B,-0.9796207,0.0054783429404281,Other,-2.9420078,0.0032609168065481
ADAMTS1,-0.97781,2.86796315422756e-08,Other,-5.762302,8.297433722412397e-09
THYN1,0.9661452,8.138527748206336e-08,Other,5.576572,2.4530441499129983e-08
MCCC2,0.96309257,5.0916877987561936e-08,Other,5.6622934,1.4936301909657784e-08
TDG,0.9605593,1.397130213671698e-05,Other,4.5350003,5.760345336610126e-06
HID1,0.95778894,9.63972419668389e-10,Other,6.3351526,2.3710611935391834e-10
DUOX1,0.9564209,3.3237218535253413e-06,Other,4.845466,1.2631483253821106e-06
TNFRSF19,-0.95354885,0.0168977892481937,Other,-2.5493922,0.0107910896253982
ILF2,0.95219123,1.7391275480232293e-15,Other,8.193277,2.542071516767825e-16
EIF1AX,0.9489492,2.761114442177236e-07,Other,5.347157,8.934654596158194e-08
CRACR2B,0.94401956,3.315710028980959e-09,Other,6.1323886,8.656944531311174e-10
MFAP2,0.94291925,4.227661699245488e-09,Other,6.091176,1.120841760989479e-09
KRT16,0.94156224,0.0376194585476283,Other,2.239201,0.0251428437672153
GALNT16,-0.938216,0.0154019093445654,Other,-2.583461,0.0097814545232623
USP54,0.9359823,5.1449669837056855e-11,Other,6.7901363,1.1202750690326895e-11
ALDH1A1,0.93263894,2.082126792524204e-06,Other,4.9432764,7.682040383708251e-07
TEX10,0.9306709,4.988999888191907e-06,Other,4.75892,1.9463134644458346e-06
SUCO,0.9283284,2.4046373345501293e-07,Other,5.373258,7.732654331869871e-08
FAM43A,-0.92467916,0.0024668596773097,Other,-3.1966999,0.0013900953221936
TTC5,0.923491,1.951046495501616e-06,Other,4.9564643,7.178749706230742e-07
COL4A5,0.9227424,8.731057362700034e-08,Other,5.5620103,2.6668451420343848e-08
EDAR,0.91976243,1.5991658560011468e-06,Other,4.9965777,5.835665724520314e-07
MUC16,0.9158551,1.264107421958046e-06,Other,5.045483,4.523771520111959e-07
RABGAP1L,0.91322863,7.105610275685477e-09,Other,6.0032563,1.933986667777297e-09
FGL2,0.911528,0.0007433023475078,Other,3.550576,0.0003843892180156
TCF12,0.911396,1.1991692934030527e-09,Other,6.298886,2.997923233507632e-10
NDE1,0.9104595,1.9126416733123624e-06,Other,4.9608603,7.018160978686491e-07
DLX5,0.9096958,2.882639710843944e-11,Other,6.879979,5.986126818889641e-12
BAG2,0.9037755,5.939772605833664e-07,Other,5.1987925,2.005870789268425e-07
CASQ1,-0.9024904,0.0066943070533577,Other,-2.8722217,0.0040759692139395
LSM2,0.90238404,7.93696861074402e-08,Other,5.5815177,2.384290973792055e-08
IFI6,-0.89762825,6.347315028818985e-07,Other,-5.1847806,2.1626940319967915e-07
SYN2,0.8969049,0.0002269712132751,Other,3.8698337,0.0001089095741118
VWA2,0.89517456,2.0165722582093107e-09,Other,6.213439,5.183729091163046e-10
STC2,-0.8951474,0.0162950847279937,Other,-2.5628548,0.0103815459154153
TIMM17A,0.89281964,1.8921618299946057e-07,Other,5.4205146,5.9427651494978895e-08
CHST2,0.89206463,2.7463374385277197e-12,Other,7.2198434,5.204752403661403e-13
IAH1,0.8893958,6.8247433002008485e-09,Other,6.0104,1.8506612376552702e-09
ENTPD8,0.88894325,0.0003086156596797,Other,3.7896073,0.0001508856803877
MYC,-0.8873093,1.4553442556983926e-06,Other,-5.0155354,5.288598840454552e-07
ST6GAL1,-0.88418925,0.0002637779103098,Other,-3.8294458,0.0001284321881851
CNOT6,0.8820549,1.890964272114766e-06,Other,4.963608,6.919556761871573e-07
EIF4A3,0.8790187,2.1417145064020073e-08,Other,5.8131304,6.131521369134778e-09
FAM136A,0.8783455,1.4034818813788752e-09,Other,6.2719607,3.565296714793111e-10
IQCH,0.87453973,1.2211566685433483e-06,Other,5.0526266,4.357756659922836e-07
RHPN1,-0.8729128,4.776438269323182e-07,Other,-5.240829,1.5985660336847745e-07
PCMTD1,0.872254,1.405653004052779e-11,Other,6.987131,2.8056380524440548e-12
ICA1,0.8698518,5.72070136179516e-08,Other,5.6416874,1.6839161266574465e-08
PHLDA3,-0.8698232,0.0060783341153702,Other,-2.9051914,0.0036702844103899
A2M,0.8682571,0.0046107293788996,Other,2.9988809,0.0027097330926396
EDRF1,0.8665893,9.758932332079374e-07,Other,5.09796,3.4333340563464733e-07
C6orf132,0.86129296,1.1230690381655867e-06,Other,5.0702105,3.973762423347993e-07
CTXN1,0.8599495,9.532071832808923e-08,Other,5.5455256,2.930727730853549e-08
DROSHA,0.8592664,6.036825700088666e-07,Other,5.1946716,2.050816795292218e-07
ATP1A4,-0.8583651,0.0363609330962203,Other,-2.2534878,0.0242284040086709
GPAA1,0.85467696,3.369067431954381e-11,Other,6.856351,7.0641736476462825e-12
SUMF2,0.85365665,2.85949610551359e-09,Other,6.1576653,7.382519432907512e-10
PLCG2,0.85076666,4.387536323530858e-07,Other,5.257589,1.4595634947229669e-07
WEE1,0.84823674,8.762660585389812e-07,Other,5.11994,3.056331212242818e-07
PAFAH1B3,0.84095967,3.091909286551845e-06,Other,4.860852,1.1688165145735302e-06
MT3,-0.8405743,0.0039670520179311,Other,-3.0475113,0.0023074486031716
SATB1,-0.8390812,0.0460013567320625,Other,-2.1567764,0.031023092392893
TMED10,0.83829504,8.132988206964799e-13,Other,7.391561,1.4511480974120657e-13
KIF2A,-0.83809173,0.0018540148276603,Other,-3.283795,0.0010241936749575
ITGB6,-0.835327,1.0868216137891282e-09,Other,-6.315371,2.6951423083883616e-10
FST,0.8342523,0.0115523963673176,Other,2.6875906,0.0071969566078652
PRSS8,0.8295618,7.593460262648763e-07,EMT_pancancer,5.149063,2.6179066631309244e-07
LSM7,0.8278091,1.8948509556301608e-07,Other,5.418866,5.99781451681321e-08
FOXA2,0.8204076,0.001793269192312,Other,3.293686,0.0009888288792285
GPATCH4,0.816716,2.5431182716532807e-06,Other,4.900965,9.536693518699804e-07
UCHL5,0.8154309,2.2886357183735087e-06,Other,4.9232197,8.513171170159522e-07
SLC5A6,0.81334823,2.135077884607421e-05,Other,4.436915,9.12573611969301e-06
GATAD2B,0.8103004,3.7779214905818853e-07,Other,5.286712,1.2453430719962465e-07
REPS2,0.80696666,4.5794656695827446e-05,Other,4.2624497,2.0219818178198004e-05
ARRDC3,-0.80495244,2.506125472768894e-10,Other,-6.549182,5.785309811129805e-11
DLX6,0.8048516,1.0659309366030082e-05,Other,4.594346,4.3410897014880575e-06
TSN,0.8037977,2.1178321660426382e-06,Other,4.93943,7.835125049774679e-07
BTG2,0.79757833,8.731057362700034e-08,Other,5.5625596,2.6584585813792876e-08
GALNT14,-0.79678357,0.0016236692248045,Other,-3.3225346,0.0008920360156436
TEDC1,0.7962768,0.0002382967322572,Other,3.8569207,0.0001148244334868
BMP7,0.7925672,3.914130631174192e-06,Other,4.8097486,1.5112016448989066e-06
CMTM7,0.78816044,9.664073963230896e-06,Other,4.615776,3.916288037518972e-06
C19orf48,0.78784764,3.5086687770384567e-06,Other,4.833652,1.3405095428402976e-06
CBX3,0.78727967,2.85949610551359e-09,Other,6.157116,7.408170354001944e-10
AXIN2,-0.77849346,1.5925148285963218e-12,Other,-7.298696,2.9056974191122404e-13
TM2D1,0.7747415,5.237468625804077e-07,Other,5.223245,1.7581421899120546e-07
HDDC2,0.77138144,1.5718572695290087e-05,Other,4.5069757,6.575814182001397e-06
DYNLL2,0.77113116,1.935465219971683e-07,Other,5.4133716,6.184903979143382e-08
SLC1A3,-0.76957107,0.0359761919554211,Other,-2.2581587,0.0239357728735665
CASP6,0.76881856,3.8702916936924565e-06,Other,4.8130455,1.486472918645994e-06
CRYBB1,0.76455516,0.0013995485028215,Other,3.3673186,0.0007590293291512
ANXA3,0.7627818,1.397984209154346e-06,Other,5.0240526,5.05923720853236e-07
CRABP2,-0.7587177,3.3233496035428758e-06,Other,-4.8460155,1.2596567045686704e-06
ETV4,0.7530682,3.881452618126462e-06,Other,4.811947,1.4946722783511177e-06
PYGO2,0.7525954,1.844077901409771e-05,Other,4.469885,7.826177384007193e-06
CEP131,0.7494347,1.0163439092424718e-05,Other,4.6047864,4.128897131297542e-06
LARGE2,0.7493823,1.2661148127353985e-05,Other,4.557804,5.169117935058835e-06
TLE2,0.7478863,4.985139380338446e-11,Other,6.7953568,1.0804485552144815e-11
NAXE,0.7404899,2.1739630282698276e-05,Other,4.432519,9.313853699744725e-06
NCALD,0.73786974,5.773592710175326e-06,Other,4.726225,2.2873204990916363e-06
CD320,0.7347533,2.4857196762868435e-05,Other,4.402022,1.072467763559243e-05
IGSF3,0.7316059,9.089834911998506e-06,Other,4.6295137,3.665256012902623e-06
PHACTR1,0.72847635,5.740667733088143e-06,Other,4.728423,2.2627027052797016e-06
PRKDC,0.72523654,1.0889058396860553e-08,Other,5.9287996,3.0515708007330982e-09
SLC2A11,0.7207315,2.475809112005634e-05,Other,4.4033957,1.0656960593008122e-05
HBA2,0.71695316,0.0013965768120143,Other,3.3684177,0.000756009826665
CCDC43,0.71574104,0.0001754344604916,Other,3.935224,8.311914962809727e-05
SLFN13,0.71066856,9.298515697679224e-06,Other,4.6242933,3.758774994727186e-06
PLEKHA2,0.70935374,3.248423648941778e-05,Other,4.341577,1.4146361051843228e-05
AGA,0.70691144,1.7438591421062387e-05,Other,4.4833474,7.348116143149271e-06
RPIA,0.703208,6.954009993480583e-05,Other,4.16354,3.133510551497803e-05
CXCR4,-0.7015012,4.776508668877264e-05,Other,-4.252009,2.11861271603427e-05
SF3B4,0.70103216,0.0002631472978713,Other,3.8305447,0.0001278598765866
XDH,0.69936204,6.278644032255086e-06,Other,4.708641,2.4937356337787336e-06
GCC2,-0.69689316,0.0024496367377819,Other,-3.2002716,0.0013729818812568
MEX3A,0.69647324,5.247116032829735e-06,Other,4.748205,2.0522994160664686e-06
CNNM3,0.6931216,4.614200320059428e-05,Other,4.2602515,2.0419696980908157e-05
PIP4K2B,0.691517,1.3361646680107189e-05,Other,4.5454407,5.482046571374623e-06
RPRD2,0.69037795,3.191422070370172e-05,Other,4.345973,1.3865956777515565e-05
FUT2,0.6898895,2.4287148739054378e-05,Other,4.4080663,1.0429763470601982e-05
R3HDM1,0.6819463,4.789124862253248e-05,Other,4.2509103,2.129036355094438e-05
CADM1,0.68031776,4.1994336692822194e-05,EMT_hallmark,4.282781,1.845718830450653e-05
ERLIN2,0.6743526,8.781312153613869e-05,Other,4.1063924,4.018866650948283e-05
BCL9,0.6741774,9.69121155105645e-05,Other,4.083039,4.445061749728513e-05
CYP26B1,0.6711747,0.0023480730230249,Other,3.214009,0.0013089560299725
PWWP2B,0.6705677,8.64507418393507e-05,Other,4.1105137,3.947801013430027e-05
CCSER1,0.66963893,3.356334349993327e-05,Other,4.3338842,1.465012876559587e-05
PYCR2,0.66898406,5.388841711104239e-05,Other,4.2228856,2.411941249728107e-05
INO80B,-0.66672105,7.869262856643073e-06,Other,-4.660835,3.1492916875880044e-06
CFAP45,0.66666275,0.0028146801353343,Other,3.1574106,0.0015917697136316
TRIM2,0.66637284,5.524505042886323e-07,Other,5.212805,1.8600652059718066e-07
BACE2,0.6628974,8.027768033955866e-07,Other,5.1375237,2.783822785968567e-07
AKR1E2,0.66033703,7.67617112090777e-05,Other,4.1399117,3.4743960012979725e-05
ORC2,0.6595098,6.058259307468727e-05,Other,4.1954107,2.72377384186598e-05
NLK,0.6553789,1.7145762821989067e-05,Other,4.4874687,7.20744263787242e-06
GDF15,0.6547769,0.0008277895072155,Other,3.520079,0.0004314185234177
F11R,0.6543776,7.944349856907995e-06,EMT_pancancer,4.6583624,3.187350043396554e-06
MAP2K6,0.6516614,2.502007154845301e-05,Other,4.400099,1.0820172070853166e-05
HES6,0.65069366,6.042498560580915e-05,Other,4.19651,2.7105966325186565e-05
WIPI1,-0.6492513,0.0043812393637982,Other,-3.0170143,0.0025527785809227
UFC1,0.64812064,1.233537421632104e-07,Other,5.499093,3.817499883478386e-08
SMARCD2,0.6425322,3.9812153629223645e-05,Other,4.2951446,1.7457950432169645e-05
SEC23B,0.64004797,1.6259047664492607e-05,Other,4.499283,6.818310310916255e-06
TFAP2A,0.6351565,0.0003921477458564,Other,3.7250414,0.0001952832524728
KIF9,0.63204026,0.0002025499402672,Other,3.9000561,9.617038494543014e-05
TACSTD2,0.63133186,2.4302293811954857e-07,Other,5.370785,7.839449616759631e-08
RCN1,0.6215589,1.889980537760148e-05,Other,4.464115,8.040038174745789e-06
THUMPD3,0.6160545,0.0002596021877042,Other,3.834391,0.0001258756575461
TFPI2,0.6147052,1.4477785305114306e-05,EMT_hallmark,4.5259333,6.012951154946668e-06
TRDJ2,0.61331165,0.0005507287378268,Other,3.6338248,0.0002792505596037
ETNK1,0.6100258,0.0001576518045327,Other,3.9613252,7.453497613496133e-05
DPH6,0.6080129,0.0001163637495177,Other,4.038804,5.372439241848212e-05
AMOT,-0.60217595,7.788564166598898e-05,Other,-4.136065,3.533118825574097e-05
BHLHE40,-0.5985054,0.0008305992291427,Other,-3.5184305,0.0004341077384912
CDC73,0.5971503,8.408637150188807e-05,Other,4.117932,3.822878381789468e-05
NAA15,0.5949491,0.0005915457379929,Other,3.6143177,0.0003011397154097
BMP4,0.59474736,0.0004663430418367,Other,3.6775098,0.0002355220402824
RNF43,0.5937393,0.001684062712528,Other,3.3118193,0.0009269135494358
PKP4,0.59103495,0.0003943499700396,Other,3.723118,0.000196777454808
TCF7,0.5859106,8.602549530862646e-05,Other,4.112162,3.919710068497899e-05
ESRP1,0.58368206,0.0002233494063289,EMT_pancancer,3.8747792,0.0001067213897176
NPM3,0.5818444,0.0001355198587088,Other,4.0003395,6.325170824816934e-05
ZNF678,0.58057636,0.0002532524447832,Other,3.8409853,0.0001225415055403
MORN4,0.57739276,0.0004432222645206,Other,3.6909726,0.0002233983188107
CNPY2,0.5770818,0.0013230824685639,Other,3.3838036,0.0007148913338208
MPZL2,0.57488817,0.0003894752558153,Other,3.7277887,0.0001931671631664
HLA-DPA1,0.57383674,0.0022747527457795,Other,3.2236252,0.001265789834345
PCDH7,0.5714762,2.1102905364873948e-05,Other,4.439937,8.99851710619121e-06
NUCKS1,0.56653607,4.294631979137109e-11,Other,6.818161,9.221336810042379e-12
DPH5,0.5632148,0.0045066652240825,Other,3.007398,0.0026349453931127
TRDJ3,0.5624546,0.0014773403872052,Other,3.3508337,0.0008056866426189
PRR15L,0.5585693,0.0007906298767931,Other,3.5332668,0.0004104580509561
MYEF2,0.55742073,0.0035534951367401,Other,3.0846024,0.0020382446903277
RGMB,0.55502,0.0009356905118042,Other,3.4843616,0.0004933126387838
CLK2,-0.55415964,0.0045237631415547,Other,-3.0052,0.0026540626495815
HP,-0.5515896,0.0004173410031949,Other,-3.7082815,0.0002086705015974
AP1S3,0.54975283,0.0023890875562575,Other,3.208514,0.0013342283328293
ALDH18A1,0.547843,0.0010694964587987,Other,3.4453473,0.0005703262365973
TFDP2,0.5463629,0.0002065235245846,Other,3.894836,9.826522540723252e-05
CFH,0.5412869,0.0340000125354243,Other,2.2815123,0.0225181534634816
DNAJB1,-0.5382108,0.0116576813443898,Other,-2.6840189,0.00727429914534
GLB1,0.5380587,0.0010671732867024,Other,3.4464462,0.0005680115880835
FAHD2B,0.5345668,0.0001124389451185,Other,4.047871,5.168564412708439e-05
DUSP4,0.53352535,0.0003519955661896,Other,3.7552636,0.0001731591091739
SEC16B,0.52312213,0.0006797239967774,Other,3.575578,0.0003494548773754
TRMT1L,0.5191384,0.0010085895968511,Other,3.4632058,0.0005337797765593
DLX3,0.5121248,0.0033390804849391,Other,3.1041095,0.0019085268497585
NUP50,0.5117191,0.0003894186701453,Other,3.7283382,0.0001927465393562
SDHAF3,0.51060146,0.0038240144557966,Other,3.0590508,0.0022203954904625
C1orf131,0.50942934,0.001294074990919,Other,3.3903975,0.0006979134275622
KIAA1549,0.5087552,0.009572371843561,Other,2.7529807,0.0059055358551001
PIK3IP1,0.5028304,0.0011235233949999,Other,3.4299612,0.0006036673079989
CDKN1A,0.50267106,0.0019410165992295,Other,3.2703323,0.0010742118074365
SPAG16,0.5007035,0.0010455277645788,Other,3.4524908,0.0005554366249325
PFN2,0.49067274,0.0006654001550389,EMT_hallmark,3.582172,0.0003407492729433
TBC1D16,0.48550484,0.0007308835346555,Other,3.5555215,0.0003772302114351
HOMER2,0.48188335,0.0024592625731656,Other,3.198623,0.0013808561020698
PIK3R3,0.47607225,0.0045237631415547,Other,3.0054748,0.0026516660791517
TRAF4,0.4648598,0.0007559175898351,Other,3.5456305,0.0003916750415073
TPD52,0.46347573,0.0035237513550025,Other,3.0876245,0.0020176318242353
SPATA17,0.45843726,0.0051100527338008,Other,2.9642625,0.0030340938106942
OBSCN,-0.45624414,0.0008721956459352,Other,-3.5041435,0.0004580785600123
TINAGL1,0.45234096,0.003557102843736,Other,3.0837781,0.0020438998194854
ERGIC2,0.45129836,0.0044900252615459,Other,3.0090466,0.002620690147616
SMIM19,0.4505912,0.0006063090830445,Other,3.6068995,0.0003098777269189
SYNRG,0.4478452,0.0074358645028474,Other,2.8362296,0.0045649611716069
TBX18,-0.4446233,0.0029070882143235,Other,-3.1464207,0.0016528203154016
C11orf1,0.4404493,0.0065320147989902,Other,2.8810136,0.0039639847872904
SLC34A2,-0.43632475,1.4553442556983926e-06,Other,-5.0152607,5.296162059547577e-07
LHFPL5,0.43293965,0.0009006400122694,Other,3.4950767,0.0004739254903272
KIF1A,0.4283503,0.0046194639353944,Other,2.9977818,0.0027195231232563
LRP4,-0.42735267,0.0001460221190107,Other,-3.981107,6.859506800303535e-05
PLA2G4A,-0.4259379,0.0230051399399156,Other,-2.4356463,0.0148652164329495
EIF3L,0.4239268,0.0130605843101322,Other,2.6430814,0.0082155288402444
TRIM45,0.4197279,0.0036310653220703,Other,3.076085,0.0020973794652684
CLIC3,0.41825134,0.0059405049130308,Other,2.9128845,0.0035810705020085
SERTAD2,0.4175199,0.0021141253206955,Other,3.2450554,0.0011742772698621
HMGA1,0.41596118,0.001954494096212,Other,3.2678597,0.0010836408799562
ZNF503,0.4123721,0.0126421591136428,Other,2.6551702,0.0079268376700462
TSTD1,0.41073275,0.0095158659087286,Other,2.7554536,0.0058610827320898
KCNMA1,-0.4097843,0.0028850089262007,Other,-3.1491683,0.001637358896624
NKD1,0.4023928,0.015365070823372,Other,2.5848346,0.0097425701087711
ZNF518A,0.40188792,0.0065382561693256,Other,2.8801894,0.0039743633771203
FSD1L,0.40141162,0.0131458862927907,Other,2.640334,0.0082824384405183
SCNN1A,0.4011431,0.0024595379263827,Other,3.1980736,0.0013834900835903
TMEM30B,0.39997223,0.002435399922931,Other,3.2024696,0.001362547335914
WNT10A,0.39789522,0.0050370736809834,Other,2.969208,0.002985684802841
PLA2G7,0.3949716,0.0098169632120035,Other,2.7436395,0.0060762252138812
ATF5,0.388814,0.0191790638231953,Other,2.5018606,0.012354255829659
ARFGAP3,-0.38273323,0.0056777806597552,Other,-2.9285452,0.0034055236820104
MLLT6,-0.38208517,1.4064780698489243e-05,Other,-4.533077,5.81306460320624e-06
NFIB,-0.38102964,0.0058672250851099,Other,-2.9172804,0.0035309812256155
BMPR1A,0.3802821,0.0266313222446341,Other,2.3782237,0.0173962669501239
FBXO21,0.38024828,0.0036310653220703,Other,3.076085,0.0020973794652684
RPP38,0.37963223,0.0170313546059402,Other,2.5458205,0.0109021271923105
MT1F,0.37293562,0.0235494288588748,Other,2.4254806,0.0152881372833824
CHML,0.36752865,0.0011233578859748,Other,3.4305108,0.0006024459630429
C3,-0.35907602,0.0002151461649307,Other,-3.8843954,0.0001025848145284
RAB4A,0.35491884,0.024491450395994,Other,2.410644,0.0159243805498147
EHMT2,0.34384292,0.0142972127971191,Other,2.6112106,0.0090222330756014
NAPEPLD,0.33515844,0.0063737969889957,Other,2.889256,0.0038615443451476
WDR77,0.32978362,0.0055673819640481,Other,2.9356885,0.0033280821619763
WDR18,0.32856828,0.0108676108388029,Other,2.7084715,0.0067593910156667
PBXIP1,0.323257,0.000699353541814,Other,3.5676103,0.000360251673253
ZNF33B,0.3229645,0.029335231053011,Other,2.3394842,0.0193103889895325
KREMEN1,0.31741834,0.032304520760068,Other,2.3026679,0.0212975368720609
TIA1,0.3137096,0.0465065513293326,Other,2.151831,0.0314106747889646
DTWD2,0.3135641,0.0130179947478196,Other,2.6447299,0.0081756156531166
LAPTM4B,-0.3102035,1.3662149655048265e-06,Other,-5.028998,4.930493524704917e-07
CREB5,0.30724442,0.0268276169169226,Other,2.3743773,0.0175785796330642
STRADB,0.30626726,0.0168977892481937,Other,2.5491173,0.0107995951445109
EXOSC8,0.30527577,0.0153161178094625,Other,2.5864832,0.0096960907100226
PTH2R,0.30358812,0.0365139654260767,Other,2.2512898,0.0243671825726439
ZBTB37,0.3008625,0.0334695724534361,Other,2.2886558,0.0220993648760087
MTF2,0.2870377,0.0157488706864747,Other,2.5752184,0.0100176788338362
SAMD11,0.28527397,0.0118607438179126,Other,2.6776998,0.0074129648861953
IRF6,0.2684806,0.0474330072536085,EMT_pancancer,2.142764,0.0321320371717993
MTAP,0.25920096,0.0446938464954175,Other,2.1694148,0.0300512052544793
CDKN1C,0.2579555,0.0070109977914529,Other,2.8560116,0.0042899956244071
BCCIP,0.23307733,0.0345900801396265,Other,2.2743688,0.0229438233184216
DERL1,0.2039707,0.024545785890274,Other,2.4092703,0.0159844533116099
CCDC120,0.19787636,0.0339782414258203,Other,2.2823365,0.0224694822332037
MCAM,0.16566974,0.0378843337469213,Other,2.235904,0.0253580621047941
FERMT1,0.15828721,0.0290790433595061,Other,2.3433306,0.0191124357564496
GPCPD1,-0.1400831,5.708849435219133e-06,Other,-4.7300715,2.244406531991393e-06
SPATA18,0.1395431,0.0474330072536085,Other,2.143039,0.0321099708727802
SERPINA1,-0.11215973,0.0005827430846052,Other,-3.6187136,0.0002960710833075
ADAM28,-0.093614995,0.0432318370948756,Other,-2.1831522,0.0290246003076483
PAX8,-0.03910137,0.0046491206954321,Other,-2.995309,0.0027416689584957
